TEAM_NAME,VS_PLAYER_NAME,GP_ON,GP_OFF,GP_DIFF,MIN_ON,MIN_OFF,MIN_DIFF,PLUS_MINUS_ON,PLUS_MINUS_OFF,PLUS_MINUS_DIFF,OFF_RATING_ON,OFF_RATING_OFF,OFF_RATING_DIFF,DEF_RATING_ON,DEF_RATING_OFF,DEF_RATING_DIFF,NET_RATING_ON,NET_RATING_OFF,NET_RATING_DIFF
Atlanta Hawks,"Adams, Jaylen",16.0,64,-48.0,128.0,2974.0,-2846.0,-8.3,-6.7,-1.6,105.8,106.4,-0.6,113.7,112.5,1.2,-7.9,-6.1,-1.8
Atlanta Hawks,"Anderson, Justin",34.0,64,-30.0,265.0,2837.0,-2572.0,-4.4,-7.0,2.6,100.0,106.5,-6.5,101.9,112.8,-10.9,-1.9,-6.3,4.4
Atlanta Hawks,"Bazemore, Kent",50.0,64,-14.0,1292.0,1810.0,-518.0,-9.5,-4.8,-4.7,101.0,108.1,-7.1,109.1,112.1,-3.0,-8.1,-4.0,-4.1
Atlanta Hawks,"Bembry, DeAndre'",64.0,64,0.0,1565.0,1537.0,28.0,-7.1,-6.4,-0.7,103.0,105.2,-2.2,108.9,111.2,-2.3,-5.9,-6.0,0.1
Atlanta Hawks,"Carter, Vince",59.0,64,-5.0,957.0,2145.0,-1188.0,-8.2,-6.1,-2.1,99.3,107.1,-7.8,106.7,112.7,-6.0,-7.4,-5.6,-1.8
Atlanta Hawks,"Collins, John",46.0,64,-18.0,1378.0,1724.0,-346.0,-2.0,-10.5,8.5,109.7,101.1,8.6,111.0,110.1,0.9,-1.3,-8.9,7.6
Atlanta Hawks,"Dedmon, Dewayne",54.0,64,-10.0,1356.0,1746.0,-390.0,-6.5,-6.9,0.4,105.9,103.9,2.0,111.4,109.7,1.7,-5.5,-5.8,0.3
Atlanta Hawks,"Dorsey, Tyler",27.0,54,-27.0,251.0,2346.0,-2095.0,1.5,-8.4,9.9,104.2,105.2,-1.0,101.9,112.9,-11.0,2.3,-7.8,10.1
Atlanta Hawks,"Hamilton, Daniel",19.0,54,-35.0,204.0,2393.0,-2189.0,-6.1,-7.5,1.4,100.4,105.5,-5.1,105.5,112.4,-6.9,-5.1,-6.9,1.8
Atlanta Hawks,"Huerter, Kevin",58.0,64,-6.0,1580.0,1522.0,58.0,-2.8,-10.8,8.0,107.9,101.2,6.7,110.2,110.8,-0.6,-2.3,-9.6,7.3
Atlanta Hawks,"Johnson, BJ",1.0,2,-1.0,19.0,97.0,-78.0,-5.1,0.0,-5.1,122.0,110.4,11.6,133.3,112.5,20.8,-11.4,-2.1,-9.3
Atlanta Hawks,"Len, Alex",60.0,64,-4.0,1145.0,1957.0,-812.0,-5.6,-7.4,1.8,103.0,105.8,-2.8,107.4,112.0,-4.6,-4.3,-6.3,2.0
Atlanta Hawks,"Lin, Jeremy",51.0,56,-5.0,1003.0,1690.0,-687.0,-5.3,-9.0,3.7,102.4,104.5,-2.1,106.6,112.9,-6.3,-4.2,-8.3,4.1
Atlanta Hawks,"Plumlee, Miles",18.0,64,-46.0,173.0,2929.0,-2756.0,-11.9,-6.4,-5.5,100.8,106.6,-5.8,109.6,112.4,-2.8,-8.8,-5.9,-2.9
Atlanta Hawks,"Poythress, Alex",19.0,64,-45.0,270.0,2832.0,-2562.0,-14.1,-6.0,-8.1,99.8,106.6,-6.8,113.1,112.1,1.0,-13.2,-5.5,-7.7
Atlanta Hawks,"Prince, Taurean",41.0,64,-23.0,1147.0,1955.0,-808.0,-10.2,-4.7,-5.5,104.8,105.3,-0.5,114.7,109.1,5.6,-9.8,-3.8,-6.0
Atlanta Hawks,"Sibert, Jordan",1.0,5,-4.0,4.0,261.0,-257.0,-56.7,0.6,-57.3,133.3,113.8,19.5,170.0,113.7,56.3,-36.7,0.1,-36.8
Atlanta Hawks,"Spellman, Omari",46.0,64,-18.0,805.0,2297.0,-1492.0,-12.1,-4.9,-7.2,100.8,106.5,-5.7,111.6,110.6,1.0,-10.8,-4.1,-6.7
Atlanta Hawks,"Young, Trae",64.0,64,0.0,1971.0,1131.0,840.0,-7.5,-5.3,-2.2,105.9,100.5,5.4,112.9,104.4,8.5,-7.0,-3.9,-3.1
Boston Celtics,"Baynes, Aron",35.0,64,-29.0,519.0,2573.0,-2054.0,10.6,4.1,6.5,108.2,110.2,-2.0,98.3,106.2,-7.9,9.9,4.0,5.9
Boston Celtics,"Brown, Jaylen",59.0,64,-5.0,1529.0,1562.0,-33.0,2.8,7.5,-4.7,106.0,111.5,-5.5,103.5,104.7,-1.2,2.5,6.8,-4.3
Boston Celtics,"Dozier, PJ",4.0,64,-60.0,10.0,3082.0,-3072.0,56.8,5.0,51.8,100.0,111.0,-11.0,50.0,106.1,-56.1,50.0,4.8,45.2
Boston Celtics,"Hayward, Gordon",58.0,64,-6.0,1495.0,1597.0,-102.0,5.4,5.0,0.4,109.7,107.9,1.8,104.2,102.5,1.7,5.5,5.4,0.1
Boston Celtics,"Horford, Al",54.0,64,-10.0,1557.0,1534.0,23.0,4.8,5.5,-0.7,110.9,107.5,3.4,105.7,101.7,4.0,5.2,5.8,-0.6
Boston Celtics,"Irving, Kyrie",53.0,64,-11.0,1739.0,1352.0,387.0,8.1,1.3,6.8,112.8,104.0,8.8,105.5,103.0,2.5,7.3,1.0,6.3
Boston Celtics,"Morris, Marcus",59.0,64,-5.0,1627.0,1465.0,162.0,4.1,6.4,-2.3,110.4,107.0,3.4,106.6,100.7,5.9,3.8,6.3,-2.5
Boston Celtics,"Ojeleye, Semi",42.0,64,-22.0,454.0,2638.0,-2184.0,9.0,4.5,4.5,105.1,111.0,-5.9,96.3,106.8,-10.5,8.8,4.2,4.6
Boston Celtics,"Rozier, Terry",62.0,64,-2.0,1420.0,1672.0,-252.0,0.1,9.4,-9.3,103.5,113.6,-10.1,103.4,104.4,-1.0,0.2,9.2,-9.0
Boston Celtics,"Smart, Marcus",63.0,64,-1.0,1727.0,1365.0,362.0,4.8,5.7,-0.9,109.5,106.8,2.7,104.9,102.3,2.6,4.6,4.6,0.0
Boston Celtics,"Tatum, Jayson",64.0,64,0.0,1999.0,1093.0,906.0,7.8,0.3,7.5,111.3,104.1,7.2,103.4,103.4,0.0,7.9,0.7,7.2
Boston Celtics,"Theis, Daniel",50.0,64,-14.0,738.0,2354.0,-1616.0,8.8,4.0,4.8,108.7,110.1,-1.4,98.9,106.0,-7.1,9.9,4.1,5.8
Boston Celtics,"Wanamaker, Brad",27.0,64,-37.0,250.0,2842.0,-2592.0,5.4,5.2,0.2,103.1,111.2,-8.1,99.2,106.2,-7.0,3.9,5.1,-1.2
Boston Celtics,"Williams III, Robert",26.0,64,-38.0,221.0,2870.0,-2649.0,-12.6,6.5,-19.1,93.9,111.8,-17.9,105.0,105.4,-0.4,-11.1,6.4,-17.5
Boston Celtics,"Yabusele, Guerschon",31.0,64,-33.0,173.0,2918.0,-2745.0,-0.8,5.5,-6.3,101.1,111.2,-10.1,102.4,105.8,-3.4,-1.4,5.4,-6.8
Cleveland Cavaliers,"Adel, Deng",12.0,19,-7.0,158.0,769.0,-611.0,-8.2,-8.9,0.7,97.1,107.3,-10.2,106.8,116.9,-10.1,-9.6,-9.6,0.0
Cleveland Cavaliers,"Blossomgame, Jaron",27.0,41,-14.0,439.0,1544.0,-1105.0,-4.7,-12.7,8.0,102.4,105.5,-3.1,109.0,118.9,-9.9,-6.6,-13.4,6.8
Cleveland Cavaliers,"Burks, Alec",34.0,34,0.0,979.0,653.0,326.0,-12.7,-13.1,0.4,102.4,104.4,-2.0,116.0,118.0,-2.0,-13.5,-13.6,0.1
Cleveland Cavaliers,"Chriss, Marquese",9.0,9,0.0,172.0,275.0,-103.0,-19.8,2.3,-22.1,95.3,113.3,-18.0,115.5,111.4,4.1,-20.1,1.9,-22.0
Cleveland Cavaliers,"Clarkson, Jordan",62.0,63,-1.0,1668.0,1371.0,297.0,-9.5,-10.7,1.2,104.4,103.2,1.2,114.2,113.8,0.4,-9.8,-10.6,0.8
Cleveland Cavaliers,"Dekker, Sam",9.0,25,-16.0,169.0,1031.0,-862.0,-10.5,-8.7,-1.8,108.4,104.5,3.9,119.4,113.6,5.8,-11.0,-9.2,-1.8
Cleveland Cavaliers,"Dellavedova, Matthew",34.0,38,-4.0,679.0,1160.0,-481.0,-4.3,-14.5,10.2,104.4,104.2,0.2,108.8,119.0,-10.2,-4.5,-14.8,10.3
Cleveland Cavaliers,"Frye, Channing",30.0,63,-33.0,295.0,2744.0,-2449.0,-23.8,-8.6,-15.2,95.7,106.4,-10.7,120.8,115.2,5.6,-25.1,-8.9,-16.2
Cleveland Cavaliers,"Harrison, Andrew",10.0,11,-1.0,144.0,384.0,-240.0,-4.0,-6.7,2.7,99.7,106.0,-6.3,104.8,113.7,-8.9,-5.1,-7.7,2.6
Cleveland Cavaliers,"Hill, George",13.0,25,-12.0,344.0,856.0,-512.0,-6.3,-10.0,3.7,108.8,102.9,5.9,115.2,113.2,2.0,-6.5,-10.3,3.8
Cleveland Cavaliers,"Holland, John",1.0,11,-10.0,1.0,527.0,-526.0,65.2,-10.7,75.9,50.0,104.7,-54.7,0.0,115.5,-115.5,50.0,-10.8,60.8
Cleveland Cavaliers,"Hood, Rodney",45.0,53,-8.0,1234.0,1310.0,-76.0,-11.7,-9.8,-1.9,103.2,103.8,-0.6,115.5,114.4,1.1,-12.3,-10.6,-1.7
Cleveland Cavaliers,"Jones, Jalen",16.0,22,-6.0,214.0,842.0,-628.0,-5.6,-14.7,9.1,105.3,104.6,0.7,111.0,120.0,-9.0,-5.7,-15.3,9.6
Cleveland Cavaliers,"Knight, Brandon",8.0,9,-1.0,142.0,305.0,-163.0,-5.4,-6.6,1.2,103.9,109.1,-5.2,109.8,115.7,-5.9,-5.9,-6.6,0.7
Cleveland Cavaliers,"Korver, Kyle",16.0,20,-4.0,251.0,709.0,-458.0,-7.6,-6.7,-0.9,100.2,105.9,-5.7,108.1,112.8,-4.7,-7.9,-6.8,-1.1
Cleveland Cavaliers,"Love, Kevin",10.0,63,-53.0,262.0,2777.0,-2515.0,1.3,-11.1,12.4,113.3,104.7,8.6,112.4,116.4,-4.0,0.8,-11.7,12.5
Cleveland Cavaliers,"McCaw, Patrick",3.0,3,0.0,53.0,91.0,-38.0,-19.1,-34.2,15.1,105.5,90.7,14.8,122.5,124.2,-1.7,-17.0,-33.5,16.5
Cleveland Cavaliers,"Nance Jr., Larry",53.0,63,-10.0,1383.0,1656.0,-273.0,-9.8,-10.2,0.4,103.5,104.8,-1.3,113.6,115.0,-1.4,-10.1,-10.3,0.2
Cleveland Cavaliers,"Nwaba, David",32.0,63,-31.0,591.0,2448.0,-1857.0,-1.5,-12.1,10.6,106.9,104.5,2.4,108.7,117.0,-8.3,-1.7,-12.5,10.8
Cleveland Cavaliers,"Osman, Cedi",57.0,63,-6.0,1795.0,1244.0,551.0,-14.0,-4.4,-9.6,104.2,104.2,0.0,118.4,109.1,9.3,-14.2,-4.9,-9.3
Cleveland Cavaliers,"Payne, Cameron",9.0,10,-1.0,176.0,304.0,-128.0,-1.6,-21.6,20.0,115.5,98.7,16.8,118.4,120.5,-2.1,-2.9,-21.8,18.9
Cleveland Cavaliers,"Sexton, Collin",63.0,63,0.0,1927.0,1112.0,815.0,-13.6,-3.9,-9.7,103.4,104.8,-1.4,116.8,109.0,7.8,-13.4,-4.2,-9.2
Cleveland Cavaliers,"Simmons, Kobi",1.0,3,-2.0,2.0,142.0,-140.0,80.0,-3.4,83.4,100.0,108.3,-8.3,33.3,112.1,-78.8,66.7,-3.8,70.5
Cleveland Cavaliers,"Smith, JR",11.0,63,-52.0,222.0,2817.0,-2595.0,-3.0,-10.6,7.6,100.8,105.9,-5.1,104.2,117.0,-12.8,-3.4,-11.1,7.7
Cleveland Cavaliers,"Stauskas, Nik",6.0,8,-2.0,77.0,322.0,-245.0,-29.3,1.5,-30.8,92.5,112.7,-20.2,121.3,111.2,10.1,-28.8,1.5,-30.3
Cleveland Cavaliers,"Thompson, Tristan",35.0,63,-28.0,1043.0,1996.0,-953.0,-11.0,-9.5,-1.5,106.1,103.9,2.2,117.2,113.8,3.4,-11.1,-10.0,-1.1
Cleveland Cavaliers,"Zizic, Ante",45.0,63,-18.0,775.0,2264.0,-1489.0,-4.7,-11.8,7.1,103.5,105.2,-1.7,108.0,117.5,-9.5,-4.6,-12.3,7.7
New Orleans Pelicans,"Clark, Ian",45.0,65,-20.0,585.0,2535.0,-1950.0,-0.8,1.3,-2.1,105.6,112.1,-6.5,107.5,110.9,-3.4,-1.8,1.1,-2.9
New Orleans Pelicans,"Davis, Anthony",49.0,65,-16.0,1700.0,1420.0,280.0,4.6,-3.5,8.1,113.9,107.4,6.5,109.3,110.8,-1.5,4.6,-3.4,8.0
New Orleans Pelicans,"Diallo, Cheick",47.0,65,-18.0,579.0,2541.0,-1962.0,2.2,0.6,1.6,106.5,112.1,-5.6,104.4,111.3,-6.9,2.1,0.7,1.4
New Orleans Pelicans,"Frazier, Tim",47.0,63,-16.0,909.0,2115.0,-1206.0,-1.4,1.5,-2.9,108.2,112.0,-3.8,109.6,110.3,-0.7,-1.3,1.7,-3.0
New Orleans Pelicans,"Harrison, Andrew",6.0,16,-10.0,38.0,730.0,-692.0,-7.7,3.5,-11.2,114.1,113.1,1.0,121.8,109.6,12.2,-7.7,3.5,-11.2
New Orleans Pelicans,"Hill, Solomon",35.0,65,-30.0,712.0,2408.0,-1696.0,-3.2,2.1,-5.3,108.7,111.9,-3.2,111.6,109.8,1.8,-2.9,2.0,-4.9
New Orleans Pelicans,"Holiday, Jrue",65.0,65,0.0,2338.0,782.0,1556.0,4.9,-11.1,16.0,113.5,100.4,13.1,108.5,111.2,-2.7,5.0,-10.8,15.8
New Orleans Pelicans,"Jackson, Frank",50.0,65,-15.0,819.0,2301.0,-1482.0,-2.7,2.2,-4.9,106.6,112.3,-5.7,109.4,110.1,-0.7,-2.8,2.1,-4.9
New Orleans Pelicans,"Johnson, Stanley",8.0,10,-2.0,82.0,398.0,-316.0,-28.2,4.3,-32.5,76.9,113.0,-36.1,100.5,109.7,-9.2,-23.6,3.3,-26.9
New Orleans Pelicans,"Johnson, Wesley",26.0,55,-29.0,377.0,2263.0,-1886.0,-11.1,3.4,-14.5,104.8,113.4,-8.6,115.6,110.1,5.5,-10.7,3.3,-14.0
New Orleans Pelicans,"Miller, Darius",57.0,65,-8.0,1448.0,1672.0,-224.0,2.1,-0.1,2.2,110.0,110.4,-0.4,108.3,110.7,-2.4,1.7,-0.3,2.0
New Orleans Pelicans,"Mirotic, Nikola",32.0,55,-23.0,925.0,1715.0,-790.0,1.7,1.1,0.6,109.4,112.0,-2.6,108.6,111.1,-2.5,0.8,1.0,-0.2
New Orleans Pelicans,"Moore, E'Twaun",51.0,65,-14.0,1422.0,1698.0,-276.0,0.3,1.4,-1.1,111.1,109.7,1.4,111.1,108.6,2.5,0.0,1.1,-1.1
New Orleans Pelicans,"Okafor, Jahlil",44.0,65,-21.0,652.0,2468.0,-1816.0,-6.3,2.8,-9.1,105.2,112.5,-7.3,110.5,109.9,0.6,-5.4,2.6,-8.0
New Orleans Pelicans,"Payton, Elfrid",25.0,65,-40.0,703.0,2417.0,-1714.0,5.9,-0.5,6.4,114.7,110.0,4.7,109.1,110.8,-1.7,5.6,-0.8,6.4
New Orleans Pelicans,"Randle, Julius",58.0,65,-7.0,1739.0,1381.0,358.0,1.4,0.3,1.1,111.6,107.7,3.9,110.1,107.2,2.9,1.6,0.5,1.1
New Orleans Pelicans,"Williams, Kenrich",29.0,65,-36.0,573.0,2547.0,-1974.0,-1.7,1.5,-3.2,106.9,112.3,-5.4,108.6,110.9,-2.3,-1.8,1.4,-3.2
Chicago Bulls,"Alkins, Rawle",3.0,64,-61.0,6.0,3106.0,-3100.0,7.8,-7.5,15.3,87.5,104.3,-16.8,92.9,111.8,-18.9,-5.4,-7.5,2.1
Chicago Bulls,"Arcidiacono, Ryan",63.0,64,-1.0,1557.0,1555.0,2.0,-3.6,-11.4,7.8,104.1,101.0,3.1,107.5,112.2,-4.7,-3.5,-11.3,7.8
Chicago Bulls,"Blakeney, Antonio",44.0,64,-20.0,616.0,2496.0,-1880.0,-10.1,-6.8,-3.3,99.5,104.2,-4.7,109.4,111.1,-1.7,-9.9,-6.8,-3.1
Chicago Bulls,"Carter Jr., Wendell",44.0,64,-20.0,1110.0,2002.0,-892.0,-12.6,-4.7,-7.9,97.0,106.4,-9.4,108.8,110.7,-1.9,-11.8,-4.3,-7.5
Chicago Bulls,"Dunn, Kris",36.0,64,-28.0,1113.0,1999.0,-886.0,-8.3,-7.1,-1.2,105.1,102.3,2.8,113.4,109.0,4.4,-8.3,-6.7,-1.6
Chicago Bulls,"Felicio, Cristiano",42.0,64,-22.0,427.0,2685.0,-2258.0,-10.1,-7.1,-3.0,99.1,104.2,-5.1,108.9,111.4,-2.5,-9.7,-7.2,-2.5
Chicago Bulls,"Harrison, Shaquille",55.0,62,-7.0,957.0,2059.0,-1102.0,-7.3,-7.5,0.2,100.3,103.6,-3.3,107.3,111.3,-4.0,-7.0,-7.8,0.8
Chicago Bulls,"Holiday, Justin",38.0,38,0.0,1325.0,514.0,811.0,-11.3,-4.4,-6.9,98.1,100.2,-2.1,109.4,103.8,5.6,-11.3,-3.6,-7.7
Chicago Bulls,"Hutchison, Chandler",44.0,64,-20.0,895.0,2217.0,-1322.0,-6.2,-8.0,1.8,100.8,103.8,-3.0,107.0,112.3,-5.3,-6.2,-8.5,2.3
Chicago Bulls,"LaVine, Zach",57.0,64,-7.0,1960.0,1152.0,808.0,-7.1,-8.2,1.1,104.6,99.8,4.8,111.7,107.8,3.9,-7.1,-8.1,1.0
Chicago Bulls,"Lopez, Robin",56.0,64,-8.0,1088.0,2024.0,-936.0,-0.4,-11.3,10.9,105.7,100.8,4.9,106.1,111.9,-5.8,-0.3,-11.1,10.8
Chicago Bulls,"Luwawu-Cabarrot, Timothe",11.0,12,-1.0,168.0,428.0,-260.0,-3.4,1.5,-4.9,106.5,117.8,-11.3,108.3,116.7,-8.4,-1.8,1.1,-2.9
Chicago Bulls,"Markkanen, Lauri",41.0,64,-23.0,1359.0,1753.0,-394.0,-4.7,-9.7,5.0,106.8,100.0,6.8,111.8,109.9,1.9,-5.0,-9.9,4.9
Chicago Bulls,"Parker, Jabari",39.0,54,-15.0,1042.0,1570.0,-528.0,-10.3,-8.4,-1.9,99.8,101.1,-1.3,110.6,109.9,0.7,-10.8,-8.8,-2.0
Chicago Bulls,"Payne, Cameron",31.0,38,-7.0,536.0,1303.0,-767.0,-19.5,-5.2,-14.3,93.2,101.3,-8.1,112.7,106.4,6.3,-19.5,-5.0,-14.5
Chicago Bulls,"Porter Jr., Otto",8.0,10,-2.0,278.0,222.0,56.0,6.7,-5.6,12.3,116.4,107.7,8.7,110.7,113.0,-2.3,5.7,-5.3,11.0
Chicago Bulls,"Portis, Bobby",22.0,54,-32.0,531.0,2081.0,-1550.0,-11.1,-8.7,-2.4,105.0,100.6,4.4,116.3,109.2,7.1,-11.3,-8.6,-2.7
Chicago Bulls,"Sampson, Brandon",4.0,29,-25.0,28.0,1389.0,-1361.0,24.1,-5.8,29.9,128.6,108.7,19.9,107.4,114.5,-7.1,21.2,-5.8,27.0
Chicago Bulls,"Selden, Wayne",25.0,26,-1.0,564.0,709.0,-145.0,-7.2,-2.9,-4.3,103.6,111.9,-8.3,111.6,115.0,-3.4,-8.0,-3.1,-4.9
Chicago Bulls,"Ulis, Tyler",1.0,34,-33.0,1.0,1646.0,-1645.0,0.0,-9.0,9.0,0.0,100.3,-100.3,0.0,109.4,-109.4,0.0,-9.1,9.1
Dallas Mavericks,"Barea, J.J.",38.0,62,-24.0,752.0,2234.0,-1482.0,3.7,-2.5,6.2,108.3,106.1,2.2,105.5,108.8,-3.3,2.8,-2.7,5.5
Dallas Mavericks,"Barnes, Harrison",49.0,53,-4.0,1584.0,970.0,614.0,-2.4,5.8,-8.2,106.0,108.5,-2.5,108.5,102.8,5.7,-2.5,5.7,-8.2
Dallas Mavericks,"Broekhoff, Ryan",29.0,62,-33.0,234.0,2752.0,-2518.0,10.2,-1.9,12.1,112.6,107.1,5.5,101.4,109.4,-8.0,11.1,-2.3,13.4
Dallas Mavericks,"Brunson, Jalen",54.0,62,-8.0,1026.0,1960.0,-934.0,-1.5,-0.7,-0.8,105.4,106.9,-1.5,107.2,107.9,-0.7,-1.8,-1.1,-0.7
Dallas Mavericks,"Burke, Trey",9.0,11,-2.0,135.0,393.0,-258.0,-13.2,-5.0,-8.2,102.8,104.2,-1.4,116.4,109.3,7.1,-13.7,-5.1,-8.6
Dallas Mavericks,"Doncic, Luka",58.0,62,-4.0,1863.0,1123.0,740.0,-0.8,-1.2,0.4,106.7,104.4,2.3,107.8,105.3,2.5,-1.1,-0.9,-0.2
Dallas Mavericks,"Finney-Smith, Dorian",62.0,62,0.0,1565.0,1421.0,144.0,-1.6,-0.2,-1.4,104.6,106.7,-2.1,106.3,107.3,-1.0,-1.8,-0.7,-1.1
Dallas Mavericks,"Hardaway Jr., Tim",10.0,11,-1.0,290.0,238.0,52.0,-4.6,-10.1,5.5,106.5,99.4,7.1,111.4,110.6,0.8,-4.9,-11.2,6.3
Dallas Mavericks,"Harris, Devin",50.0,62,-12.0,756.0,2230.0,-1474.0,-5.9,0.8,-6.7,103.9,107.4,-3.5,110.1,106.9,3.2,-6.2,0.6,-6.8
Dallas Mavericks,"Jackson, Justin",9.0,9,0.0,99.0,333.0,-234.0,1.5,-14.4,15.9,106.7,102.6,4.1,105.8,116.5,-10.7,0.9,-13.8,14.7
Dallas Mavericks,"Jordan, DeAndre",50.0,51,-1.0,1554.0,904.0,650.0,-0.5,1.9,-2.4,106.1,107.6,-1.5,106.6,105.2,1.4,-0.4,2.4,-2.8
Dallas Mavericks,"Kleber, Maxi",56.0,62,-6.0,1110.0,1876.0,-766.0,3.5,-3.6,7.1,106.1,106.4,-0.3,102.4,110.1,-7.7,3.7,-3.7,7.4
Dallas Mavericks,"Lee, Courtney",7.0,11,-4.0,64.0,464.0,-400.0,-0.8,-8.0,7.2,99.2,105.3,-6.1,97.7,114.0,-16.3,1.5,-8.7,10.2
Dallas Mavericks,"Macon, Daryl",4.0,62,-58.0,8.0,2978.0,-2970.0,17.0,-1.0,18.0,93.8,108.0,-14.2,63.2,109.2,-46.0,30.6,-1.2,31.8
Dallas Mavericks,"Matthews, Wesley",44.0,51,-7.0,1312.0,1146.0,166.0,-1.5,2.5,-4.0,106.2,107.0,-0.8,107.7,104.4,3.3,-1.5,2.7,-4.2
Dallas Mavericks,"Mejri, Salah",21.0,61,-40.0,183.0,2755.0,-2572.0,-6.3,-0.3,-6.0,98.7,108.1,-9.4,103.9,108.8,-4.9,-5.2,-0.7,-4.5
Dallas Mavericks,"Nowitzki, Dirk",31.0,62,-31.0,400.0,2586.0,-2186.0,-6.7,0.0,-6.7,103.4,107.8,-4.4,110.0,107.8,2.2,-6.6,0.0,-6.6
Dallas Mavericks,"Powell, Dwight",58.0,62,-4.0,1087.0,1899.0,-812.0,2.6,-2.9,5.5,109.5,104.2,5.3,106.7,107.0,-0.3,2.8,-2.7,5.5
Dallas Mavericks,"Smith Jr., Dennis",32.0,51,-19.0,908.0,1550.0,-642.0,-2.8,2.3,-5.1,103.1,109.4,-6.3,106.5,107.6,-1.1,-3.4,1.7,-5.1
Dallas Mavericks,"Spalding, Ray",1.0,51,-50.0,1.0,2457.0,-2456.0,-105.1,0.4,-105.5,0.0,108.6,-108.6,66.7,108.4,-41.7,-66.7,0.2,-66.9
Denver Nuggets,"Akoon-Purcell, DeVaughn",7.0,28,-21.0,22.0,1332.0,-1310.0,2.2,6.5,-4.3,106.3,110.8,-4.5,98.0,104.2,-6.2,8.2,6.6,1.6
Denver Nuggets,"Barton, Will",23.0,62,-39.0,633.0,2353.0,-1720.0,3.5,5.4,-1.9,111.6,112.1,-0.5,108.5,106.8,1.7,3.1,5.3,-2.2
Denver Nuggets,"Beasley, Malik",62.0,62,0.0,1494.0,1492.0,2.0,5.3,4.7,0.6,111.6,110.4,1.2,106.8,105.6,1.2,4.9,4.8,0.1
Denver Nuggets,"Craig, Torrey",56.0,62,-6.0,1190.0,1796.0,-606.0,1.6,7.2,-5.6,110.2,111.6,-1.4,107.9,104.9,3.0,2.2,6.7,-4.5
Denver Nuggets,"Goodwin, Brandon",16.0,39,-23.0,57.0,1820.0,-1763.0,10.1,3.0,7.1,106.3,113.9,-7.6,96.1,110.7,-14.6,10.3,3.2,7.1
Denver Nuggets,"Harris, Gary",37.0,62,-25.0,1070.0,1916.0,-846.0,9.2,2.6,6.6,112.4,111.0,1.4,103.9,108.6,-4.7,8.5,2.4,6.1
Denver Nuggets,"Hernangomez, Juancho",58.0,62,-4.0,1261.0,1725.0,-464.0,2.0,7.2,-5.2,108.6,113.3,-4.7,107.1,106.2,0.9,1.5,7.1,-5.6
Denver Nuggets,"Jokic, Nikola",61.0,62,-1.0,1913.0,1073.0,840.0,7.7,0.1,7.6,114.1,104.5,9.6,106.2,103.5,2.7,7.9,1.0,6.9
Denver Nuggets,"Lydon, Tyler",24.0,62,-38.0,90.0,2896.0,-2806.0,-5.9,5.3,-11.2,96.0,113.3,-17.3,104.1,107.8,-3.7,-8.1,5.5,-13.6
Denver Nuggets,"Lyles, Trey",55.0,62,-7.0,1024.0,1962.0,-938.0,1.0,7.1,-6.1,105.2,114.1,-8.9,104.6,107.3,-2.7,0.6,6.8,-6.2
Denver Nuggets,"Millsap, Paul",51.0,62,-11.0,1338.0,1648.0,-310.0,9.3,1.5,7.8,113.6,108.9,4.7,105.1,107.6,-2.5,8.5,1.2,7.3
Denver Nuggets,"Morris, Monte",62.0,62,0.0,1513.0,1473.0,40.0,5.5,4.4,1.1,110.2,110.8,-0.6,104.9,106.7,-1.8,5.4,4.1,1.3
Denver Nuggets,"Murray, Jamal",56.0,62,-6.0,1861.0,1125.0,736.0,5.1,4.8,0.3,112.0,107.9,4.1,107.1,103.6,3.5,4.9,4.2,0.7
Denver Nuggets,"Plumlee, Mason",62.0,62,0.0,1280.0,1706.0,-426.0,3.6,6.1,-2.5,109.6,110.9,-1.3,105.5,104.9,0.6,4.1,5.9,-1.8
Denver Nuggets,"Thomas, Isaiah",6.0,62,-56.0,95.0,2891.0,-2796.0,-6.6,5.4,-12.0,94.1,113.4,-19.3,99.1,108.0,-8.9,-5.0,5.4,-10.4
Denver Nuggets,"Vanderbilt, Jarred",6.0,62,-56.0,18.0,2968.0,-2950.0,2.7,5.0,-2.3,74.4,113.2,-38.8,75.6,108.1,-32.5,-1.2,5.1,-6.3
Denver Nuggets,"Welsh, Thomas",9.0,62,-53.0,33.0,2953.0,-2920.0,2.9,5.0,-2.1,98.7,113.0,-14.3,93.8,108.0,-14.2,5.0,5.1,-0.1
Denver Nuggets,"Young, Nick",4.0,8,-4.0,37.0,347.0,-310.0,-6.5,2.4,-8.9,97.5,113.9,-16.4,103.8,110.5,-6.7,-6.3,3.4,-9.7
Golden State Warriors,"Bell, Jordan",52.0,63,-11.0,597.0,2447.0,-1850.0,-3.4,8.8,-12.2,107.3,115.9,-8.6,110.2,107.3,2.9,-2.8,8.6,-11.4
Golden State Warriors,"Cook, Quinn",55.0,63,-8.0,753.0,2291.0,-1538.0,-4.0,9.8,-13.8,106.6,116.5,-9.9,111.1,106.9,4.2,-4.5,9.6,-14.1
Golden State Warriors,"Cousins, DeMarcus",16.0,63,-47.0,403.0,2641.0,-2238.0,-0.7,7.5,-8.2,108.2,116.0,-7.8,108.4,108.8,-0.4,-0.2,7.2,-7.4
Golden State Warriors,"Curry, Stephen",52.0,63,-11.0,1790.0,1254.0,536.0,12.1,-1.8,13.9,118.9,106.7,12.2,107.3,108.6,-1.3,11.7,-1.9,13.6
Golden State Warriors,"Derrickson, Marcus",9.0,63,-54.0,54.0,2990.0,-2936.0,-17.7,6.9,-24.6,91.2,115.8,-24.6,109.8,109.2,0.6,-18.7,6.7,-25.4
Golden State Warriors,"Durant, Kevin",62.0,63,-1.0,2203.0,841.0,1362.0,11.4,-6.6,18.0,118.5,103.5,15.0,107.6,109.5,-1.9,11.0,-6.0,17.0
Golden State Warriors,"Evans, Jacob",23.0,63,-40.0,100.0,2944.0,-2844.0,-13.0,7.1,-20.1,99.5,115.9,-16.4,109.0,109.0,0.0,-9.5,6.9,-16.4
Golden State Warriors,"Green, Draymond",48.0,63,-15.0,1496.0,1548.0,-52.0,8.9,4.0,4.9,114.5,112.6,1.9,105.6,108.9,-3.3,8.9,3.7,5.2
Golden State Warriors,"Iguodala, Andre",55.0,63,-8.0,1309.0,1735.0,-426.0,10.7,3.2,7.5,112.9,114.0,-1.1,103.0,110.5,-7.5,10.0,3.5,6.5
Golden State Warriors,"Jerebko, Jonas",58.0,63,-5.0,1028.0,2016.0,-988.0,5.0,7.1,-2.1,110.1,115.7,-5.6,105.5,108.6,-3.1,4.6,7.1,-2.5
Golden State Warriors,"Jones, Damian",24.0,63,-39.0,410.0,2634.0,-2224.0,1.9,7.1,-5.2,113.2,115.1,-1.9,109.7,108.3,1.4,3.5,6.8,-3.3
Golden State Warriors,"Lee, Damion",21.0,63,-42.0,247.0,2797.0,-2550.0,-3.7,7.3,-11.0,104.6,115.8,-11.2,108.7,108.8,-0.1,-4.1,6.9,-11.0
Golden State Warriors,"Livingston, Shaun",50.0,63,-13.0,765.0,2279.0,-1514.0,1.6,8.0,-6.4,107.5,116.7,-9.2,105.8,108.9,-3.1,1.7,7.8,-6.1
Golden State Warriors,"Looney, Kevon",62.0,63,-1.0,1233.0,1811.0,-578.0,10.2,3.9,6.3,116.0,111.4,4.6,105.8,107.1,-1.3,10.1,4.2,5.9
Golden State Warriors,"McKinnie, Alfonzo",53.0,63,-10.0,736.0,2308.0,-1572.0,1.5,8.0,-6.5,109.0,115.4,-6.4,107.5,107.7,-0.2,1.5,7.7,-6.2
Golden State Warriors,"Thompson, Klay",61.0,63,-2.0,2096.0,948.0,1148.0,5.3,8.8,-3.5,114.5,110.4,4.1,109.3,102.3,7.0,5.3,8.1,-2.8
Houston Rockets,"Anthony, Carmelo",10.0,46,-36.0,294.0,1939.0,-1645.0,-10.3,3.2,-13.5,102.0,114.8,-12.8,111.0,111.5,-0.5,-9.0,3.3,-12.3
Houston Rockets,"Capela, Clint",48.0,63,-15.0,1642.0,1407.0,235.0,1.4,3.3,-1.9,112.2,112.7,-0.5,110.3,109.4,0.9,1.9,3.3,-1.4
Houston Rockets,"Carter-Williams, Michael",16.0,38,-22.0,145.0,1694.0,-1549.0,-21.2,3.2,-24.4,97.0,113.7,-16.7,116.7,110.5,6.2,-19.7,3.3,-23.0
Houston Rockets,"Chriss, Marquese",16.0,54,-38.0,104.0,2513.0,-2409.0,-10.2,2.7,-12.9,100.4,114.6,-14.2,111.5,111.8,-0.3,-11.1,2.8,-13.9
Houston Rockets,"Clark, Gary",39.0,63,-24.0,565.0,2484.0,-1919.0,2.7,2.2,0.5,112.7,113.6,-0.9,109.3,111.0,-1.7,3.4,2.6,0.8
Houston Rockets,"Edwards, Vincent",2.0,63,-61.0,16.0,3033.0,-3017.0,-6.1,2.4,-8.5,109.1,114.5,-5.4,115.2,112.0,3.2,-6.1,2.5,-8.6
Houston Rockets,"Ennis III, James",40.0,54,-14.0,949.0,1668.0,-719.0,0.2,3.3,-3.1,110.4,113.6,-3.2,109.9,110.2,-0.3,0.5,3.5,-3.0
Houston Rockets,"Faried, Kenneth",16.0,18,-2.0,447.0,417.0,30.0,2.7,3.3,-0.6,116.5,109.8,6.7,113.0,106.2,6.8,3.5,3.6,-0.1
Houston Rockets,"Gordon, Eric",50.0,63,-13.0,1633.0,1416.0,217.0,3.7,0.7,3.0,114.4,110.0,4.4,110.6,109.2,1.4,3.8,0.8,3.0
Houston Rockets,"Green, Gerald",59.0,63,-4.0,1256.0,1793.0,-537.0,6.7,-0.7,7.4,115.5,110.1,5.4,107.8,110.5,-2.7,7.8,-0.4,8.2
Houston Rockets,"Harden, James",59.0,63,-4.0,2210.0,839.0,1371.0,2.8,1.0,1.8,114.8,108.3,6.5,111.8,105.7,6.1,3.1,2.6,0.5
Houston Rockets,"Hartenstein, Isaiah",27.0,63,-36.0,220.0,2829.0,-2609.0,8.3,1.8,6.5,111.4,114.0,-2.6,101.9,112.0,-10.1,9.5,1.9,7.6
Houston Rockets,"House Jr., Danuel",25.0,45,-20.0,620.0,1560.0,-940.0,5.5,2.9,2.6,114.7,114.8,-0.1,109.2,111.6,-2.4,5.4,3.2,2.2
Houston Rockets,"Jones, Terrence",1.0,5,-4.0,1.0,239.0,-238.0,-295.4,8.2,-303.6,0.0,119.2,-119.2,200.0,110.7,89.3,-200.0,8.5,-208.5
Houston Rockets,"Knight, Brandon",12.0,54,-42.0,118.0,2499.0,-2381.0,-6.9,2.6,-9.5,96.4,114.7,-18.3,104.4,112.0,-7.6,-8.0,2.7,-10.7
Houston Rockets,Nene,32.0,63,-31.0,422.0,2627.0,-2205.0,7.2,1.5,5.7,109.1,114.2,-5.1,101.2,112.3,-11.1,7.8,1.8,6.0
Houston Rockets,"Nunnally, James",2.0,2,0.0,37.0,69.0,-32.0,-11.5,7.0,-18.5,117.5,122.4,-4.9,128.8,118.1,10.7,-11.3,4.2,-15.5
Houston Rockets,"Paul, Chris",40.0,63,-23.0,1311.0,1738.0,-427.0,4.0,1.0,3.0,110.3,113.6,-3.3,106.1,112.4,-6.3,4.1,1.2,2.9
Houston Rockets,"Rivers, Austin",30.0,31,-1.0,951.0,552.0,399.0,2.9,5.9,-3.0,112.9,117.6,-4.7,109.7,110.8,-1.1,3.2,6.8,-3.6
Houston Rockets,"Shumpert, Iman",5.0,9,-4.0,88.0,344.0,-256.0,-15.2,8.0,-23.2,94.8,119.5,-24.7,110.5,111.1,-0.6,-15.7,8.4,-24.1
Houston Rockets,"Tucker, PJ",63.0,63,0.0,2214.0,835.0,1379.0,1.6,4.3,-2.7,112.8,112.2,0.6,111.0,107.3,3.7,1.9,4.9,-3.0
Houston Rockets,Zhou Qi,1.0,28,-27.0,1.0,1353.0,-1352.0,-100.5,-0.1,-100.4,66.7,112.1,-45.4,133.3,112.2,21.1,-66.7,-0.1,-66.6
LA Clippers,"Beverley, Patrick",65.0,65,0.0,1769.0,1376.0,393.0,1.8,-1.1,2.9,110.2,106.7,3.5,107.6,107.8,-0.2,2.5,-1.1,3.6
LA Clippers,"Bradley, Avery",49.0,55,-6.0,1463.0,1202.0,261.0,-2.1,3.5,-5.6,107.1,111.1,-4.0,109.3,108.0,1.3,-2.3,3.2,-5.5
LA Clippers,"Delgado, Angel",1.0,65,-64.0,14.0,3131.0,-3117.0,-3.5,0.6,-4.1,70.0,110.8,-40.8,75.9,110.0,-34.1,-5.9,0.8,-6.7
LA Clippers,"Gallinari, Danilo",54.0,65,-11.0,1641.0,1504.0,137.0,0.8,0.4,0.4,111.4,106.6,4.8,110.5,106.1,4.4,0.9,0.6,0.3
LA Clippers,"Gilgeous-Alexander, Shai",65.0,65,0.0,1667.0,1478.0,189.0,-3.7,5.3,-9.0,105.6,111.4,-5.8,109.1,106.1,3.0,-3.5,5.2,-8.7
LA Clippers,"Gortat, Marcin",47.0,55,-8.0,750.0,1915.0,-1165.0,-6.3,3.0,-9.3,104.9,111.6,-6.7,111.4,108.2,3.2,-6.4,3.4,-9.8
LA Clippers,"Green, JaMychal",9.0,10,-1.0,178.0,302.0,-124.0,0.8,1.7,-0.9,111.5,104.9,6.6,111.5,103.3,8.2,-0.1,1.5,-1.6
LA Clippers,"Harrell, Montrezl",65.0,65,0.0,1709.0,1436.0,273.0,1.6,-0.6,2.2,110.6,106.7,3.9,108.5,107.1,1.4,2.1,-0.5,2.6
LA Clippers,"Harris, Tobias",55.0,55,0.0,1904.0,761.0,1143.0,0.4,0.5,-0.1,110.6,105.8,4.8,110.2,105.3,4.9,0.4,0.5,-0.1
LA Clippers,"Marjanovic, Boban",36.0,55,-19.0,376.0,2289.0,-1913.0,-1.0,0.6,-1.6,101.6,111.6,-10.0,102.3,110.7,-8.4,-0.7,0.9,-1.6
LA Clippers,"Mbah a Moute, Luc",4.0,65,-61.0,61.0,3084.0,-3023.0,8.7,0.4,8.3,105.6,110.6,-5.0,98.6,110.0,-11.4,7.0,0.6,6.4
LA Clippers,"Motley, Johnathan",17.0,65,-48.0,134.0,3011.0,-2877.0,-13.9,1.2,-15.1,95.1,111.0,-15.9,108.6,109.6,-1.0,-13.5,1.4,-14.9
LA Clippers,"Robinson, Jerome",25.0,65,-40.0,228.0,2917.0,-2689.0,-3.8,0.9,-4.7,106.0,110.6,-4.6,108.1,109.3,-1.2,-2.1,1.3,-3.4
LA Clippers,"Scott, Mike",52.0,55,-3.0,748.0,1917.0,-1169.0,2.1,-0.3,2.4,105.7,110.7,-5.0,103.8,110.6,-6.8,1.9,0.1,1.8
LA Clippers,"Shamet, Landry",9.0,10,-1.0,253.0,227.0,26.0,11.2,-9.5,20.7,112.1,102.7,9.4,100.9,112.6,-11.7,11.2,-9.9,21.1
LA Clippers,"Temple, Garrett",9.0,10,-1.0,170.0,310.0,-140.0,-4.8,4.8,-9.6,107.6,108.9,-1.3,112.3,103.4,8.9,-4.7,5.5,-10.2
LA Clippers,"Teodosic, Milos",15.0,55,-40.0,150.0,2515.0,-2365.0,8.3,-0.1,8.4,115.6,110.1,5.5,109.6,109.9,-0.3,6.0,0.3,5.7
LA Clippers,"Thornwell, Sindarius",47.0,65,-18.0,258.0,2887.0,-2629.0,-6.2,1.2,-7.4,93.2,111.4,-18.2,97.4,110.2,-12.8,-4.2,1.2,-5.4
LA Clippers,"Wallace, Tyrone",50.0,65,-15.0,519.0,2626.0,-2107.0,5.9,-0.5,6.4,109.1,109.7,-0.6,104.3,110.0,-5.7,4.8,-0.3,5.1
LA Clippers,"Williams, Lou",59.0,65,-6.0,1555.0,1590.0,-35.0,6.7,-5.5,12.2,113.1,103.5,9.6,106.8,108.6,-1.8,6.4,-5.0,11.4
LA Clippers,"Zubac, Ivica",9.0,10,-1.0,178.0,302.0,-124.0,3.2,0.3,2.9,101.5,112.4,-10.9,98.7,111.4,-12.7,2.8,1.0,1.8
Los Angeles Lakers,"Ball, Lonzo",47.0,63,-16.0,1423.0,1621.0,-198.0,-0.5,-2.3,1.8,104.9,107.7,-2.8,105.3,109.7,-4.4,-0.4,-2.0,1.6
Los Angeles Lakers,"Beasley, Michael",26.0,55,-29.0,277.0,2383.0,-2106.0,-6.7,0.0,-6.7,102.0,107.3,-5.3,108.5,107.4,1.1,-6.5,-0.2,-6.3
Los Angeles Lakers,"Bonga, Isaac",8.0,63,-55.0,31.0,3013.0,-2982.0,4.7,-1.6,6.3,89.4,107.7,-18.3,80.0,109.1,-29.1,9.4,-1.4,10.8
Los Angeles Lakers,"Bullock, Reggie",8.0,9,-1.0,246.0,186.0,60.0,0.4,-14.2,14.6,111.8,104.3,7.5,113.1,117.9,-4.8,-1.3,-13.6,12.3
Los Angeles Lakers,"Caldwell-Pope, Kentavious",63.0,63,0.0,1468.0,1576.0,-108.0,-4.2,1.0,-5.2,105.1,105.8,-0.7,109.3,104.6,4.7,-4.3,1.2,-5.5
Los Angeles Lakers,"Caruso, Alex",6.0,63,-57.0,21.0,3023.0,-3002.0,6.8,-1.6,8.4,93.2,107.7,-14.5,82.6,109.0,-26.4,10.6,-1.3,11.9
Los Angeles Lakers,"Chandler, Tyson",46.0,53,-7.0,757.0,1802.0,-1045.0,1.9,-3.0,4.9,103.8,105.5,-1.7,101.8,108.5,-6.7,2.0,-3.0,5.0
Los Angeles Lakers,"Hart, Josh",60.0,63,-3.0,1529.0,1515.0,14.0,0.5,-3.5,4.0,104.9,107.1,-2.2,104.0,110.1,-6.1,0.8,-3.0,3.8
Los Angeles Lakers,"Ingram, Brandon",52.0,63,-11.0,1760.0,1284.0,476.0,-1.6,-1.3,-0.3,106.9,105.3,1.6,108.0,106.6,1.4,-1.1,-1.3,0.2
Los Angeles Lakers,"James, LeBron",45.0,63,-18.0,1598.0,1446.0,152.0,2.6,-6.0,8.6,108.3,103.8,4.5,106.5,109.4,-2.9,1.9,-5.6,7.5
Los Angeles Lakers,"Kuzma, Kyle",59.0,63,-4.0,1939.0,1105.0,834.0,-0.8,-2.7,1.9,108.0,101.5,6.5,109.0,104.6,4.4,-1.0,-3.1,2.1
Los Angeles Lakers,"McGee, JaVale",56.0,63,-7.0,1186.0,1858.0,-672.0,-3.6,-0.1,-3.5,104.7,105.6,-0.9,108.1,106.0,2.1,-3.3,-0.4,-2.9
Los Angeles Lakers,"Muscala, Mike",5.0,8,-3.0,50.0,334.0,-284.0,-23.0,-4.3,-18.7,96.6,108.9,-12.3,122.5,113.1,9.4,-26.0,-4.2,-21.8
Los Angeles Lakers,"Mykhailiuk, Svi",39.0,54,-15.0,420.0,2192.0,-1772.0,0.6,-1.0,1.6,105.1,106.5,-1.4,105.0,107.4,-2.4,0.1,-0.9,1.0
Los Angeles Lakers,"Rondo, Rajon",29.0,63,-34.0,811.0,2233.0,-1422.0,-6.2,0.2,-6.4,105.6,107.2,-1.6,111.6,106.7,4.9,-6.0,0.4,-6.4
Los Angeles Lakers,"Stephenson, Lance",60.0,63,-3.0,943.0,2101.0,-1158.0,-4.7,-0.1,-4.6,103.3,107.1,-3.8,107.9,107.5,0.4,-4.6,-0.4,-4.2
Los Angeles Lakers,"Wagner, Moritz",24.0,63,-39.0,155.0,2889.0,-2734.0,-12.4,-0.9,-11.5,93.7,108.0,-14.3,104.9,108.6,-3.7,-11.2,-0.7,-10.5
Los Angeles Lakers,"Williams, Johnathan",7.0,62,-55.0,89.0,2907.0,-2818.0,-8.6,-1.2,-7.4,113.0,107.2,5.8,121.4,108.1,13.3,-8.3,-0.9,-7.4
Los Angeles Lakers,"Zubac, Ivica",33.0,55,-22.0,516.0,2144.0,-1628.0,2.0,-1.4,3.4,104.2,107.2,-3.0,102.1,108.2,-6.1,2.0,-1.0,3.0
Miami Heat,"Adebayo, Bam",62.0,62,0.0,1378.0,1603.0,-225.0,-0.7,-0.5,-0.2,103.8,105.4,-1.6,104.5,106.2,-1.7,-0.7,-0.8,0.1
Miami Heat,"Anderson, Ryan",4.0,10,-6.0,16.0,464.0,-448.0,23.7,-2.5,26.2,115.2,110.0,5.2,90.9,112.7,-21.8,24.2,-2.7,26.9
Miami Heat,"Dragic, Goran",18.0,62,-44.0,491.0,2490.0,-1999.0,4.0,-1.5,5.5,110.1,105.5,4.6,105.9,106.9,-1.0,4.2,-1.4,5.6
Miami Heat,"Ellington, Wayne",25.0,52,-27.0,533.0,1968.0,-1435.0,-7.9,1.6,-9.5,98.4,107.2,-8.8,105.6,105.5,0.1,-7.2,1.6,-8.8
Miami Heat,"Haslem, Udonis",6.0,62,-56.0,24.0,2957.0,-2933.0,-7.9,-0.5,-7.4,77.6,107.1,-29.5,89.1,107.6,-18.5,-11.5,-0.5,-11.0
Miami Heat,"Johnson, James",41.0,62,-21.0,854.0,2127.0,-1273.0,-5.1,1.2,-6.3,102.6,107.1,-4.5,107.9,106.1,1.8,-5.3,1.0,-6.3
Miami Heat,"Johnson, Tyler",44.0,52,-8.0,1123.0,1378.0,-255.0,-2.6,1.4,-4.0,103.1,105.7,-2.6,105.8,104.2,1.6,-2.7,1.5,-4.2
Miami Heat,"Jones Jr., Derrick",42.0,62,-20.0,775.0,2206.0,-1431.0,-0.8,-0.5,-0.3,102.9,106.8,-3.9,104.5,107.3,-2.8,-1.5,-0.5,-1.0
Miami Heat,"McGruder, Rodney",56.0,62,-6.0,1379.0,1602.0,-223.0,-1.3,0.0,-1.3,104.4,106.5,-2.1,105.2,105.8,-0.6,-0.8,0.6,-1.4
Miami Heat,"Olynyk, Kelly",59.0,62,-3.0,1267.0,1714.0,-447.0,2.1,-2.6,4.7,106.9,103.8,3.1,104.9,106.2,-1.3,2.0,-2.3,4.3
Miami Heat,"Richardson, Josh",60.0,62,-2.0,2091.0,890.0,1201.0,1.0,-4.4,5.4,106.0,100.6,5.4,105.1,105.2,-0.1,1.0,-4.6,5.6
Miami Heat,"Robinson, Duncan",9.0,62,-53.0,77.0,2904.0,-2827.0,-2.5,-0.5,-2.0,104.9,106.7,-1.8,108.0,107.3,0.7,-3.1,-0.6,-2.5
Miami Heat,"Terry, Emanuel",1.0,5,-4.0,3.0,237.0,-234.0,14.8,-6.7,21.5,140.0,113.2,26.8,120.0,120.2,-0.2,20.0,-7.0,27.0
Miami Heat,"Wade, Dwyane",52.0,62,-10.0,1330.0,1651.0,-321.0,-3.0,1.4,-4.4,104.1,105.8,-1.7,106.8,104.1,2.7,-2.7,1.7,-4.4
Miami Heat,"Waiters, Dion",24.0,62,-38.0,584.0,2397.0,-1813.0,-2.6,-0.1,-2.5,107.6,105.9,1.7,110.2,105.8,4.4,-2.6,0.1,-2.7
Miami Heat,"Whiteside, Hassan",53.0,62,-9.0,1346.0,1635.0,-289.0,0.0,-1.1,1.1,106.3,104.5,1.8,105.7,105.7,0.0,0.6,-1.2,1.8
Miami Heat,"Winslow, Justise",55.0,62,-7.0,1633.0,1348.0,285.0,2.9,-4.8,7.7,107.1,102.7,4.4,103.7,107.8,-4.1,3.4,-5.1,8.5
Milwaukee Bucks,"Antetokounmpo, Giannis",58.0,63,-5.0,1915.0,1124.0,791.0,12.8,3.4,9.4,112.6,107.0,5.6,100.3,103.2,-2.9,12.3,3.8,8.5
Milwaukee Bucks,"Bledsoe, Eric",61.0,63,-2.0,1784.0,1255.0,529.0,12.0,5.5,6.5,114.4,106.3,8.1,103.2,100.6,2.6,11.2,5.7,5.5
Milwaukee Bucks,"Brogdon, Malcolm",58.0,63,-5.0,1697.0,1342.0,355.0,12.5,5.2,7.3,112.3,107.7,4.6,100.5,103.2,-2.7,11.9,4.5,7.4
Milwaukee Bucks,"Brown, Sterling",48.0,63,-15.0,769.0,2270.0,-1501.0,-2.6,13.3,-15.9,103.7,114.4,-10.7,106.4,101.8,4.6,-2.7,12.6,-15.3
Milwaukee Bucks,"Canaan, Isaiah",4.0,4,0.0,31.0,166.0,-135.0,-39.3,12.7,-52.0,100.0,119.4,-19.4,136.2,107.2,29.0,-36.2,12.2,-48.4
Milwaukee Bucks,"Colson, Bonzie",1.0,21,-20.0,3.0,1010.0,-1007.0,-141.6,9.8,-151.4,50.0,113.5,-63.5,162.5,104.1,58.4,-112.5,9.5,-122.0
Milwaukee Bucks,"Connaughton, Pat",42.0,63,-21.0,756.0,2283.0,-1527.0,6.2,10.3,-4.1,111.0,112.7,-1.7,104.5,102.6,1.9,6.4,10.1,-3.7
Milwaukee Bucks,"Dellavedova, Matthew",12.0,24,-12.0,97.0,1065.0,-968.0,-6.4,11.2,-17.6,90.2,116.1,-25.9,96.0,105.3,-9.3,-5.8,10.8,-16.6
Milwaukee Bucks,"DiVincenzo, Donte",23.0,63,-40.0,358.0,2681.0,-2323.0,11.4,9.0,2.4,108.8,113.3,-4.5,97.0,104.5,-7.5,11.8,8.9,2.9
Milwaukee Bucks,"Duval, Trevon",3.0,63,-60.0,6.0,3033.0,-3027.0,17.1,9.3,7.8,107.7,113.4,-5.7,92.3,104.3,-12.0,15.4,9.1,6.3
Milwaukee Bucks,"Henson, John",14.0,24,-10.0,188.0,974.0,-786.0,0.3,11.5,-11.2,103.4,115.0,-11.6,102.7,103.7,-1.0,0.7,11.3,-10.6
Milwaukee Bucks,"Hill, George",34.0,39,-5.0,692.0,1185.0,-493.0,9.2,9.0,0.2,105.5,113.5,-8.0,96.4,104.9,-8.5,9.1,8.5,0.6
Milwaukee Bucks,"Ilyasova, Ersan",51.0,63,-12.0,910.0,2129.0,-1219.0,8.3,9.7,-1.4,109.9,112.2,-2.3,101.1,102.8,-1.7,8.8,9.4,-0.6
Milwaukee Bucks,"Lopez, Brook",63.0,63,0.0,1768.0,1271.0,497.0,12.4,5.0,7.4,114.2,106.1,8.1,102.4,100.8,1.6,11.9,5.2,6.7
Milwaukee Bucks,"Maker, Thon",35.0,53,-18.0,409.0,2145.0,-1736.0,3.9,11.3,-7.4,102.8,114.5,-11.7,97.8,103.4,-5.6,4.9,11.1,-6.2
Milwaukee Bucks,"Middleton, Khris",60.0,63,-3.0,1875.0,1164.0,711.0,11.0,6.6,4.4,113.6,107.3,6.3,103.3,101.1,2.2,10.3,6.2,4.1
Milwaukee Bucks,"Mirotic, Nikola",6.0,10,-4.0,131.0,354.0,-223.0,18.3,-0.1,18.4,124.7,104.2,20.5,111.0,105.1,5.9,13.7,-1.0,14.7
Milwaukee Bucks,"Morris, Jaylen",4.0,42,-38.0,29.0,1997.0,-1968.0,20.2,9.1,11.1,109.2,113.5,-4.3,86.8,104.5,-17.7,22.5,9.0,13.5
Milwaukee Bucks,"Smith, Jason",6.0,29,-23.0,40.0,1352.0,-1312.0,-41.5,12.1,-53.6,76.1,114.3,-38.2,114.1,102.1,12.0,-38.0,12.1,-50.1
Milwaukee Bucks,"Snell, Tony",63.0,63,0.0,1103.0,1936.0,-833.0,7.0,10.6,-3.6,108.6,112.8,-4.2,102.0,102.6,-0.6,6.6,10.2,-3.6
Milwaukee Bucks,"Wilson, D.J.",32.0,63,-31.0,572.0,2467.0,-1895.0,6.5,9.9,-3.4,108.2,113.2,-5.0,100.1,103.4,-3.3,8.1,9.8,-1.7
Milwaukee Bucks,"Wood, Christian",13.0,63,-50.0,62.0,2977.0,-2915.0,-19.5,9.9,-29.4,89.2,113.8,-24.6,108.8,104.1,4.7,-19.6,9.7,-29.3
Minnesota Timberwolves,"Bates-Diop, Keita",10.0,62,-52.0,76.0,2920.0,-2844.0,4.4,-0.1,4.5,107.4,110.4,-3.0,102.5,110.7,-8.2,5.0,-0.2,5.2
Minnesota Timberwolves,"Bayless, Jerryd",21.0,49,-28.0,431.0,1941.0,-1510.0,-11.0,4.8,-15.8,104.9,111.9,-7.0,116.3,107.3,9.0,-11.4,4.6,-16.0
Minnesota Timberwolves,"Butler, Jimmy",10.0,13,-3.0,361.0,263.0,98.0,-8.1,-5.8,-2.3,104.5,108.0,-3.5,112.6,112.9,-0.3,-8.1,-4.9,-3.2
Minnesota Timberwolves,"Canaan, Isaiah",7.0,8,-1.0,95.0,294.0,-199.0,-11.1,6.0,-17.1,104.1,114.9,-10.8,114.6,109.2,5.4,-10.6,5.7,-16.3
Minnesota Timberwolves,"Covington, Robert",22.0,49,-27.0,763.0,1609.0,-846.0,2.8,1.5,1.3,108.5,111.7,-3.2,105.5,110.4,-4.9,3.0,1.3,1.7
Minnesota Timberwolves,"Deng, Luol",22.0,62,-40.0,392.0,2604.0,-2212.0,10.6,-1.6,12.2,114.3,109.2,5.1,104.3,111.0,-6.7,10.0,-1.8,11.8
Minnesota Timberwolves,"Dieng, Gorgui",57.0,62,-5.0,762.0,2234.0,-1472.0,-5.2,1.8,-7.0,102.9,111.3,-8.4,106.4,109.1,-2.7,-3.5,2.2,-5.7
Minnesota Timberwolves,"Gibson, Taj",61.0,62,-1.0,1507.0,1489.0,18.0,-0.9,0.9,-1.8,108.9,108.1,0.8,109.4,107.6,1.8,-0.5,0.6,-1.1
Minnesota Timberwolves,"Jones, Tyus",48.0,62,-14.0,1005.0,1991.0,-986.0,2.1,-1.0,3.1,106.8,110.3,-3.5,105.0,111.4,-6.4,1.8,-1.0,2.8
Minnesota Timberwolves,"Nunnally, James",13.0,40,-27.0,64.0,1866.0,-1802.0,-11.2,1.0,-12.2,105.7,109.5,-3.8,116.4,108.7,7.7,-10.7,0.7,-11.4
Minnesota Timberwolves,"Okogie, Josh",54.0,62,-8.0,1231.0,1765.0,-534.0,-0.6,0.4,-1.0,107.7,109.7,-2.0,108.0,109.5,-1.5,-0.2,0.2,-0.4
Minnesota Timberwolves,"Rose, Derrick",46.0,62,-16.0,1290.0,1706.0,-416.0,1.8,-1.3,3.1,110.9,107.8,3.1,109.5,108.9,0.6,1.5,-1.1,2.6
Minnesota Timberwolves,"Saric, Dario",48.0,49,-1.0,1120.0,1252.0,-132.0,0.9,2.8,-1.9,109.4,109.1,0.3,109.2,106.3,2.9,0.1,2.8,-2.7
Minnesota Timberwolves,"Teague, Jeff",37.0,62,-25.0,1107.0,1889.0,-782.0,0.7,-0.4,1.1,111.9,107.8,4.1,111.5,108.3,3.2,0.5,-0.5,1.0
Minnesota Timberwolves,"Terrell, Jared",7.0,62,-55.0,67.0,2929.0,-2862.0,-8.6,0.2,-8.8,94.3,110.7,-16.4,102.8,110.7,-7.9,-8.5,0.0,-8.5
Minnesota Timberwolves,"Tolliver, Anthony",45.0,62,-17.0,692.0,2304.0,-1612.0,-2.3,0.7,-3.0,103.5,111.0,-7.5,106.6,110.6,-4.0,-3.1,0.4,-3.5
Minnesota Timberwolves,"Towns, Karl-Anthony",60.0,62,-2.0,1995.0,1001.0,994.0,2.9,-5.7,8.6,111.5,104.0,7.5,108.0,108.5,-0.5,3.5,-4.5,8.0
Minnesota Timberwolves,"Wiggins, Andrew",56.0,62,-6.0,1954.0,1042.0,912.0,0.5,-1.0,1.5,110.7,107.0,3.7,110.2,108.1,2.1,0.6,-1.1,1.7
Minnesota Timberwolves,"Williams, C.J.",9.0,62,-53.0,67.0,2929.0,-2862.0,-25.7,0.6,-26.3,86.9,110.9,-24.0,114.1,110.5,3.6,-27.2,0.4,-27.6
Brooklyn Nets,"Allen, Jarrett",63.0,65,-2.0,1682.0,1488.0,194.0,-2.8,0.9,-3.7,108.7,105.0,3.7,111.3,103.7,7.6,-2.5,1.3,-3.8
Brooklyn Nets,"Carroll, DeMarre",52.0,65,-13.0,1326.0,1844.0,-518.0,1.7,-3.0,4.7,107.6,107.1,0.5,105.6,109.5,-3.9,2.0,-2.3,4.3
Brooklyn Nets,"Crabbe, Allen",38.0,65,-27.0,981.0,2189.0,-1208.0,-2.8,-0.3,-2.5,105.2,108.6,-3.4,107.9,109.0,-1.1,-2.7,-0.4,-2.3
Brooklyn Nets,"Creek, Mitchell",4.0,7,-3.0,36.0,300.0,-264.0,10.8,-5.0,15.8,105.3,102.4,2.9,91.1,106.7,-15.6,14.1,-4.3,18.4
Brooklyn Nets,"Davis, Ed",64.0,65,-1.0,1155.0,2015.0,-860.0,2.6,-3.1,5.7,104.8,108.9,-4.1,101.2,111.6,-10.4,3.7,-2.7,6.4
Brooklyn Nets,"Dinwiddie, Spencer",51.0,65,-14.0,1447.0,1723.0,-276.0,-1.8,-0.5,-1.3,106.7,107.1,-0.4,108.9,107.6,1.3,-2.1,-0.5,-1.6
Brooklyn Nets,"Dudley, Jared",46.0,65,-19.0,971.0,2199.0,-1228.0,-0.4,-1.4,1.0,108.6,106.7,1.9,109.7,108.1,1.6,-1.1,-1.4,0.3
Brooklyn Nets,"Faried, Kenneth",12.0,47,-35.0,118.0,2173.0,-2055.0,-8.2,-0.1,-8.1,98.8,110.2,-11.4,107.5,110.3,-2.8,-8.7,-0.1,-8.6
Brooklyn Nets,"Graham, Treveon",26.0,65,-39.0,559.0,2611.0,-2052.0,-0.3,-1.2,0.9,106.7,108.3,-1.6,107.0,109.3,-2.3,-0.3,-1.0,0.7
Brooklyn Nets,"Harris, Joe",60.0,65,-5.0,1797.0,1373.0,424.0,-2.0,0.1,-2.1,109.2,103.9,5.3,111.0,103.9,7.1,-1.9,0.1,-2.0
Brooklyn Nets,"Hollis-Jefferson, Rondae",52.0,65,-13.0,1134.0,2036.0,-902.0,-2.5,-0.3,-2.2,104.5,108.4,-3.9,106.6,109.1,-2.5,-2.0,-0.7,-1.3
Brooklyn Nets,"Kurucs, Rodions",46.0,65,-19.0,936.0,2234.0,-1298.0,-0.6,-1.2,0.6,106.6,107.9,-1.3,107.2,108.8,-1.6,-0.6,-0.9,0.3
Brooklyn Nets,"LeVert, Caris",23.0,65,-42.0,635.0,2535.0,-1900.0,-4.0,-0.3,-3.7,108.7,108.1,0.6,111.9,108.5,3.4,-3.2,-0.3,-2.9
Brooklyn Nets,"McCall, Tahjere",1.0,3,-2.0,8.0,136.0,-128.0,90.4,-22.6,113.0,142.9,99.0,43.9,75.0,121.1,-46.1,67.9,-22.1,90.0
Brooklyn Nets,"Musa, Dzanan",8.0,65,-57.0,34.0,3136.0,-3102.0,5.7,-1.1,6.8,98.7,108.9,-10.2,94.6,110.1,-15.5,4.1,-1.2,5.3
Brooklyn Nets,"Napier, Shabazz",52.0,65,-13.0,929.0,2241.0,-1312.0,-0.2,-1.4,1.2,104.9,108.6,-3.7,104.4,109.8,-5.4,0.5,-1.2,1.7
Brooklyn Nets,"Pinson, Theo",11.0,65,-54.0,161.0,3009.0,-2848.0,0.9,-1.2,2.1,95.7,109.4,-13.7,95.7,110.5,-14.8,0.0,-1.1,1.1
Brooklyn Nets,"Russell, D'Angelo",64.0,65,-1.0,1926.0,1244.0,682.0,-1.5,-0.4,-1.1,106.4,105.9,0.5,107.6,105.6,2.0,-1.2,0.3,-1.5
Brooklyn Nets,"Williams, Alan",3.0,60,-57.0,17.0,2913.0,-2896.0,37.1,-1.8,38.9,112.5,108.7,3.8,80.0,110.4,-30.4,32.5,-1.7,34.2
New York Knicks,"Allen, Kadeem",10.0,20,-10.0,225.0,735.0,-510.0,0.9,-10.8,11.7,109.3,100.6,8.7,109.9,111.1,-1.2,-0.6,-10.5,9.9
New York Knicks,"Baker, Ron",11.0,29,-18.0,107.0,1300.0,-1193.0,-0.5,-7.0,6.5,94.1,106.8,-12.7,94.1,113.5,-19.4,0.0,-6.6,6.6
New York Knicks,"Burke, Trey",33.0,50,-17.0,689.0,1731.0,-1042.0,-6.2,-9.7,3.5,102.9,103.7,-0.8,109.1,113.2,-4.1,-6.3,-9.5,3.2
New York Knicks,"Dotson, Damyean",54.0,63,-9.0,1357.0,1687.0,-330.0,-6.7,-9.6,2.9,102.4,103.7,-1.3,109.0,113.5,-4.5,-6.5,-9.8,3.3
New York Knicks,"Ellenson, Henry",4.0,5,-1.0,81.0,159.0,-78.0,5.3,-9.4,14.7,111.1,109.9,1.2,105.8,117.9,-12.1,5.3,-8.0,13.3
New York Knicks,"Hardaway Jr., Tim",46.0,50,-4.0,1499.0,921.0,578.0,-10.5,-5.8,-4.7,104.3,101.5,2.8,114.5,107.2,7.3,-10.3,-5.7,-4.6
New York Knicks,"Hezonja, Mario",48.0,63,-15.0,916.0,2128.0,-1212.0,-6.5,-9.1,2.6,101.6,104.7,-3.1,108.0,113.2,-5.2,-6.4,-8.5,2.1
New York Knicks,"Hicks, Isaiah",1.0,63,-62.0,4.0,3040.0,-3036.0,54.1,-8.4,62.5,137.5,104.9,32.6,100.0,112.9,-12.9,37.5,-8.0,45.5
New York Knicks,"Jenkins, John",7.0,8,-1.0,99.0,285.0,-186.0,1.0,-4.5,5.5,105.8,109.3,-3.5,103.8,112.3,-8.5,2.0,-2.9,4.9
New York Knicks,"Jordan, DeAndre",8.0,13,-5.0,214.0,410.0,-196.0,-14.6,-2.5,-12.1,95.1,108.2,-13.1,110.0,110.8,-0.8,-14.9,-2.6,-12.3
New York Knicks,"Kanter, Enes",44.0,53,-9.0,1128.0,1436.0,-308.0,-9.2,-8.8,-0.4,103.7,101.6,2.1,113.4,109.5,3.9,-9.6,-7.9,-1.7
New York Knicks,"Knox, Kevin",56.0,63,-7.0,1581.0,1463.0,118.0,-13.9,-2.3,-11.6,101.4,105.8,-4.4,114.2,107.7,6.5,-12.9,-2.0,-10.9
New York Knicks,"Kornet, Luke",32.0,63,-31.0,497.0,2547.0,-2050.0,-4.1,-9.1,5.0,101.8,104.7,-2.9,105.3,113.5,-8.2,-3.5,-8.8,5.3
New York Knicks,"Lee, Courtney",12.0,50,-38.0,160.0,2260.0,-2100.0,-6.0,-8.9,2.9,102.9,104.5,-1.6,109.6,113.2,-3.6,-6.7,-8.6,1.9
New York Knicks,"Matthews, Wesley",2.0,3,-1.0,54.0,90.0,-36.0,0.0,-20.8,20.8,99.1,91.3,7.8,100.0,114.4,-14.4,-0.9,-23.1,22.2
New York Knicks,"Mudiay, Emmanuel",44.0,63,-19.0,1164.0,1880.0,-716.0,-8.4,-8.2,-0.2,105.4,102.4,3.0,113.6,110.1,3.5,-8.2,-7.7,-0.5
New York Knicks,"Ntilikina, Frank",41.0,63,-22.0,872.0,2172.0,-1300.0,-9.6,-7.8,-1.8,101.7,104.2,-2.5,110.2,112.1,-1.9,-8.4,-7.9,-0.5
New York Knicks,"Robinson, Mitchell",47.0,63,-16.0,877.0,2167.0,-1290.0,-5.7,-9.3,3.6,105.2,102.9,2.3,109.7,111.8,-2.1,-4.5,-8.8,4.3
New York Knicks,"Smith Jr., Dennis",12.0,13,-1.0,349.0,275.0,74.0,-12.4,0.7,-13.1,99.2,108.3,-9.1,111.2,108.3,2.9,-12.0,-0.1,-11.9
New York Knicks,"Thomas, Lance",30.0,63,-33.0,499.0,2545.0,-2046.0,-11.0,-7.8,-3.2,99.1,105.2,-6.1,109.1,112.5,-3.4,-10.0,-7.3,-2.7
New York Knicks,"Trier, Allonzo",56.0,63,-7.0,1260.0,1784.0,-524.0,-6.0,-9.9,3.9,103.1,103.4,-0.3,109.4,112.6,-3.2,-6.3,-9.3,3.0
New York Knicks,"Vonleh, Noah",63.0,63,0.0,1587.0,1457.0,130.0,-8.3,-8.3,0.0,104.2,101.5,2.7,111.8,109.3,2.5,-7.6,-7.7,0.1
Orlando Magic,"Augustin, D.J.",63.0,64,-1.0,1733.0,1354.0,379.0,3.3,-5.7,9.0,109.8,98.7,11.1,106.5,103.9,2.6,3.3,-5.2,8.5
Orlando Magic,"Bamba, Mo",47.0,64,-17.0,766.0,2321.0,-1555.0,-15.0,4.1,-19.1,93.1,109.7,-16.6,108.3,105.4,2.9,-15.2,4.2,-19.4
Orlando Magic,"Birch, Khem",32.0,64,-32.0,375.0,2712.0,-2337.0,5.3,-1.5,6.8,104.3,106.4,-2.1,99.5,108.0,-8.5,4.8,-1.6,6.4
Orlando Magic,"Briscoe, Isaiah",37.0,64,-27.0,514.0,2573.0,-2059.0,3.8,-1.5,5.3,102.5,106.8,-4.3,98.9,108.6,-9.7,3.6,-1.8,5.4
Orlando Magic,"Caupain, Troy",2.0,64,-62.0,9.0,3078.0,-3069.0,56.9,-0.8,57.7,133.3,106.8,26.5,72.2,107.7,-35.5,61.1,-0.9,62.0
Orlando Magic,"Fournier, Evan",63.0,64,-1.0,1994.0,1093.0,901.0,1.5,-4.5,6.0,109.1,97.3,11.8,107.7,102.0,5.7,1.4,-4.6,6.0
Orlando Magic,"Frazier Jr., Melvin",7.0,64,-57.0,32.0,3055.0,-3023.0,-4.5,-0.6,-3.9,91.8,107.0,-15.2,102.9,107.6,-4.7,-11.2,-0.6,-10.6
Orlando Magic,"Gordon, Aaron",60.0,64,-4.0,2008.0,1079.0,929.0,0.6,-3.0,3.6,105.9,101.2,4.7,105.5,104.3,1.2,0.5,-3.1,3.6
Orlando Magic,"Grant, Jerian",51.0,64,-13.0,844.0,2243.0,-1399.0,-9.9,2.8,-12.7,97.4,108.5,-11.1,107.4,105.7,1.7,-10.0,2.8,-12.8
Orlando Magic,"Isaac, Jonathan",58.0,64,-6.0,1527.0,1560.0,-33.0,-0.4,-0.9,0.5,106.8,102.6,4.2,106.8,103.6,3.2,0.0,-1.0,1.0
Orlando Magic,"Iwundu, Wes",50.0,64,-14.0,876.0,2211.0,-1335.0,-0.4,-0.7,0.3,101.4,106.9,-5.5,101.9,107.9,-6.0,-0.4,-1.0,0.6
Orlando Magic,"Jefferson, Amile",5.0,64,-59.0,20.0,3067.0,-3047.0,19.5,-0.8,20.3,115.9,106.8,9.1,102.4,107.6,-5.2,13.5,-0.8,14.3
Orlando Magic,"Martin, Jarell",32.0,64,-32.0,254.0,2833.0,-2579.0,4.3,-1.1,5.4,99.1,107.1,-8.0,95.4,108.3,-12.9,3.7,-1.2,4.9
Orlando Magic,"Ross, Terrence",64.0,64,0.0,1679.0,1408.0,271.0,-2.6,1.7,-4.3,102.3,107.9,-5.6,104.9,105.8,-0.9,-2.6,2.1,-4.7
Orlando Magic,"Simmons, Jonathon",41.0,55,-14.0,845.0,1810.0,-965.0,-7.5,-0.9,-6.6,98.6,107.0,-8.4,105.8,107.7,-1.9,-7.3,-0.8,-6.5
Orlando Magic,"Vucevic, Nikola",63.0,64,-1.0,1958.0,1129.0,829.0,3.0,-7.0,10.0,109.2,97.7,11.5,106.1,104.9,1.2,3.1,-7.2,10.3
Indiana Pacers,"Anigbogu, Ike",3.0,54,-51.0,6.0,2591.0,-2585.0,-15.6,4.9,-20.5,78.6,109.3,-30.7,92.9,104.5,-11.6,-14.3,4.8,-19.1
Indiana Pacers,"Bogdanovic, Bojan",64.0,64,0.0,2030.0,1047.0,983.0,4.6,5.5,-0.9,109.1,104.5,4.6,105.0,99.7,5.3,4.1,4.8,-0.7
Indiana Pacers,"Collison, Darren",64.0,64,0.0,1803.0,1274.0,529.0,4.1,6.0,-1.9,109.3,105.8,3.5,105.5,100.6,4.9,3.8,5.2,-1.4
Indiana Pacers,"Evans, Tyreke",55.0,64,-9.0,1102.0,1975.0,-873.0,5.1,4.8,0.3,106.5,108.8,-2.3,102.3,104.7,-2.4,4.2,4.1,0.1
Indiana Pacers,"Holiday, Aaron",39.0,64,-25.0,455.0,2622.0,-2167.0,7.0,4.5,2.5,103.8,110.1,-6.3,97.7,105.7,-8.0,6.1,4.4,1.7
Indiana Pacers,"Johnson, Alize",11.0,64,-53.0,32.0,3045.0,-3013.0,-21.1,5.2,-26.3,92.0,110.1,-18.1,115.3,104.9,10.4,-23.3,5.2,-28.5
Indiana Pacers,"Joseph, Cory",64.0,64,0.0,1640.0,1437.0,203.0,6.9,2.6,4.3,107.5,108.1,-0.6,101.2,105.9,-4.7,6.4,2.2,4.2
Indiana Pacers,"Leaf, TJ",43.0,64,-21.0,384.0,2693.0,-2309.0,4.5,5.0,-0.5,102.1,110.0,-7.9,99.1,105.2,-6.1,3.0,4.8,-1.8
Indiana Pacers,"Matthews, Wesley",8.0,8,0.0,258.0,126.0,132.0,-2.4,9.1,-11.5,112.2,109.5,2.7,114.7,102.7,12.0,-2.4,6.8,-9.2
Indiana Pacers,"McDermott, Doug",59.0,64,-5.0,1010.0,2067.0,-1057.0,5.9,4.4,1.5,105.6,108.9,-3.3,101.2,105.1,-3.9,4.4,3.9,0.5
Indiana Pacers,"O'Quinn, Kyle",37.0,64,-27.0,308.0,2769.0,-2461.0,-0.3,5.5,-5.8,104.4,110.0,-5.6,105.8,104.5,1.3,-1.4,5.5,-6.9
Indiana Pacers,"Oladipo, Victor",36.0,64,-28.0,1147.0,1930.0,-783.0,5.3,4.6,0.7,109.3,108.6,0.7,104.1,104.2,-0.1,5.2,4.4,0.8
Indiana Pacers,"Reed, Davon",7.0,63,-56.0,20.0,3009.0,-2989.0,37.6,4.3,33.3,108.3,109.9,-1.6,75.0,105.6,-30.6,33.3,4.3,29.0
Indiana Pacers,"Sabonis, Domantas",59.0,64,-5.0,1467.0,1610.0,-143.0,6.6,3.3,3.3,108.5,107.5,1.0,102.1,104.1,-2.0,6.4,3.4,3.0
Indiana Pacers,"Sumner, Edmond",17.0,64,-47.0,167.0,2910.0,-2743.0,-10.4,5.8,-16.2,92.5,110.6,-18.1,104.1,104.9,-0.8,-11.6,5.7,-17.3
Indiana Pacers,"Turner, Myles",57.0,64,-7.0,1609.0,1468.0,141.0,4.2,5.6,-1.4,107.3,109.9,-2.6,102.5,104.3,-1.8,4.9,5.6,-0.7
Indiana Pacers,"Young, Thaddeus",64.0,64,0.0,1946.0,1131.0,815.0,5.5,3.9,1.6,110.3,102.2,8.1,105.4,99.3,6.1,4.9,2.9,2.0
Philadelphia 76ers,"Bolden, Jonah",33.0,63,-30.0,436.0,2613.0,-2177.0,0.2,3.8,-3.6,105.3,111.3,-6.0,104.0,107.5,-3.5,1.3,3.8,-2.5
Philadelphia 76ers,"Brewer, Corey",7.0,9,-2.0,140.0,292.0,-152.0,-1.4,16.4,-17.8,101.6,121.6,-20.0,102.9,106.6,-3.7,-1.3,15.0,-16.3
Philadelphia 76ers,"Butler, Jimmy",41.0,49,-8.0,1353.0,1009.0,344.0,6.8,1.3,5.5,112.4,110.0,2.4,105.5,108.9,-3.4,6.9,1.1,5.8
Philadelphia 76ers,"Chandler, Wilson",36.0,54,-18.0,951.0,1666.0,-715.0,7.5,0.7,6.8,113.9,107.2,6.7,106.5,106.7,-0.2,7.4,0.5,6.9
Philadelphia 76ers,"Covington, Robert",13.0,14,-1.0,440.0,247.0,193.0,2.0,-6.0,8.0,106.7,96.7,10.0,105.7,103.1,2.6,1.0,-6.4,7.4
Philadelphia 76ers,"Embiid, Joel",54.0,63,-9.0,1821.0,1227.0,594.0,8.6,-4.7,13.3,110.6,105.1,5.5,102.5,108.8,-6.3,8.2,-3.7,11.9
Philadelphia 76ers,"Ennis III, James",6.0,9,-3.0,71.0,361.0,-290.0,-0.7,4.5,-5.2,114.6,110.4,4.2,114.6,105.5,9.1,0.1,4.8,-4.7
Philadelphia 76ers,"Fultz, Markelle",19.0,54,-35.0,427.0,2190.0,-1763.0,-0.9,4.0,-4.9,101.9,112.1,-10.2,102.2,108.4,-6.2,-0.3,3.7,-4.0
Philadelphia 76ers,"Harris, Tobias",9.0,9,0.0,324.0,108.0,216.0,2.5,7.1,-4.6,111.1,111.2,-0.1,108.4,101.7,6.7,2.7,9.5,-6.8
Philadelphia 76ers,"Highsmith, Haywood",2.0,23,-21.0,9.0,1095.0,-1086.0,-21.7,5.3,-27.0,105.6,114.3,-8.7,127.8,109.4,18.4,-22.2,4.9,-27.1
Philadelphia 76ers,"Jackson, Demetrius",6.0,40,-34.0,39.0,1906.0,-1867.0,-13.4,2.5,-15.9,103.3,109.7,-6.4,116.9,107.3,9.6,-13.5,2.4,-15.9
Philadelphia 76ers,"Johnson, Amir",39.0,63,-24.0,372.0,2677.0,-2305.0,-11.2,5.3,-16.5,100.6,111.5,-10.9,109.8,106.5,3.3,-9.2,5.0,-14.2
Philadelphia 76ers,"Korkmaz, Furkan",46.0,63,-17.0,654.0,2395.0,-1741.0,3.7,3.1,0.6,110.0,110.3,-0.3,106.0,107.2,-1.2,4.0,3.1,0.9
Philadelphia 76ers,"Marjanovic, Boban",7.0,9,-2.0,119.0,313.0,-194.0,2.4,4.1,-1.7,104.2,112.1,-7.9,100.8,107.9,-7.1,3.5,4.2,-0.7
Philadelphia 76ers,"McConnell, T.J.",57.0,63,-6.0,1155.0,1893.0,-738.0,1.3,4.5,-3.2,109.0,109.6,-0.6,107.3,105.4,1.9,1.7,4.2,-2.5
Philadelphia 76ers,"Milton, Shake",13.0,63,-50.0,126.0,2923.0,-2797.0,4.2,3.2,1.0,111.9,111.1,0.8,109.1,108.1,1.0,2.8,3.0,-0.2
Philadelphia 76ers,"Muscala, Mike",47.0,54,-7.0,1041.0,1576.0,-535.0,2.9,3.4,-0.5,107.2,109.9,-2.7,104.6,106.3,-1.7,2.6,3.6,-1.0
Philadelphia 76ers,"Redick, JJ",59.0,63,-4.0,1848.0,1201.0,647.0,6.7,-2.0,8.7,108.9,107.5,1.4,102.5,108.7,-6.2,6.4,-1.2,7.6
Philadelphia 76ers,"Saric, Dario",13.0,14,-1.0,396.0,291.0,105.0,-3.2,2.1,-5.3,103.3,102.8,0.5,106.3,99.8,6.5,-3.0,2.9,-5.9
Philadelphia 76ers,"Scott, Mike",9.0,9,0.0,201.0,230.0,-29.0,7.4,0.4,7.0,110.9,109.1,1.8,104.0,108.4,-4.4,6.9,0.6,6.3
Philadelphia 76ers,"Shamet, Landry",54.0,54,0.0,1108.0,1509.0,-401.0,-1.3,6.5,-7.8,107.2,109.1,-1.9,108.4,103.0,5.4,-1.2,6.1,-7.3
Philadelphia 76ers,"Simmons, Ben",62.0,63,-1.0,2117.0,931.0,1186.0,1.7,6.7,-5.0,110.1,108.9,1.2,108.4,101.7,6.7,1.7,7.2,-5.5
Philadelphia 76ers,"Simmons, Jonathon",7.0,9,-2.0,96.0,335.0,-239.0,-11.0,7.9,-18.9,105.0,112.0,-7.0,112.6,104.3,8.3,-7.5,7.6,-15.1
Phoenix Suns,"Acy, Quincy",10.0,10,0.0,123.0,357.0,-234.0,1.6,-18.4,20.0,97.2,100.5,-3.3,95.4,118.2,-22.8,1.8,-17.7,19.5
Phoenix Suns,"Anderson, Ryan",15.0,55,-40.0,278.0,2392.0,-2114.0,-14.2,-8.9,-5.3,93.9,105.0,-11.1,108.9,113.6,-4.7,-15.0,-8.6,-6.4
Phoenix Suns,"Ariza, Trevor",26.0,30,-4.0,884.0,566.0,318.0,-15.1,-3.1,-12.0,99.1,101.2,-2.1,113.8,104.0,9.8,-14.8,-2.7,-12.1
Phoenix Suns,"Ayton, Deandre",58.0,64,-6.0,1794.0,1308.0,486.0,-9.0,-10.6,1.6,103.6,101.2,2.4,112.2,110.4,1.8,-8.6,-9.2,0.6
Phoenix Suns,"Bender, Dragan",28.0,64,-36.0,361.0,2741.0,-2380.0,-9.2,-9.7,0.5,99.9,104.6,-4.7,107.4,114.0,-6.6,-7.6,-9.4,1.8
Phoenix Suns,"Booker, Devin",49.0,64,-15.0,1709.0,1393.0,316.0,-9.2,-10.3,1.1,107.0,98.3,8.7,115.6,107.7,7.9,-8.7,-9.4,0.7
Phoenix Suns,"Bridges, Mikal",64.0,64,0.0,1793.0,1309.0,484.0,-7.7,-12.4,4.7,103.1,101.9,1.2,110.0,113.9,-3.9,-6.9,-12.1,5.2
Phoenix Suns,"Canaan, Isaiah",19.0,20,-1.0,503.0,462.0,41.0,-12.1,-6.9,-5.2,101.0,102.5,-1.5,112.1,107.9,4.2,-11.2,-5.4,-5.8
Phoenix Suns,"Chandler, Tyson",7.0,8,-1.0,89.0,295.0,-206.0,-36.1,-7.3,-28.8,83.1,104.5,-21.4,115.5,112.1,3.4,-32.4,-7.6,-24.8
Phoenix Suns,"Crawford, Jamal",51.0,64,-13.0,899.0,2203.0,-1304.0,-15.7,-7.2,-8.5,99.6,104.6,-5.0,115.0,111.2,3.8,-15.4,-6.6,-8.8
Phoenix Suns,"Daniels, Troy",33.0,64,-31.0,431.0,2672.0,-2241.0,-1.6,-11.0,9.4,103.0,104.1,-1.1,104.1,114.9,-10.8,-1.1,-10.8,9.7
Phoenix Suns,"Evans, Jawun",7.0,39,-32.0,64.0,1833.0,-1769.0,-38.4,-7.5,-30.9,75.6,107.2,-31.6,115.9,114.5,1.4,-40.4,-7.3,-33.1
Phoenix Suns,"Holmes, Richaun",58.0,64,-6.0,959.0,2143.0,-1184.0,-7.2,-10.8,3.6,102.7,102.8,-0.1,108.4,113.0,-4.6,-5.7,-10.2,4.5
Phoenix Suns,"Jackson, Josh",64.0,64,0.0,1541.0,1561.0,-20.0,-10.0,-9.3,-0.7,101.0,104.0,-3.0,110.6,113.2,-2.6,-9.6,-9.2,-0.4
Phoenix Suns,"Johnson, Tyler",8.0,9,-1.0,243.0,189.0,54.0,-15.6,-5.6,-10.0,102.3,103.9,-1.6,117.3,109.5,7.8,-15.0,-5.6,-9.4
Phoenix Suns,"King, George",1.0,64,-63.0,6.0,3096.0,-3090.0,-73.2,-9.6,-63.6,100.0,104.5,-4.5,175.0,113.7,61.3,-75.0,-9.2,-65.8
Phoenix Suns,"Melton, De'Anthony",37.0,64,-27.0,727.0,2375.0,-1648.0,-8.5,-10.0,1.5,103.5,103.5,0.0,111.8,113.3,-1.5,-8.3,-9.8,1.5
Phoenix Suns,"Moreland, Eric",1.0,12,-11.0,5.0,591.0,-586.0,29.1,-3.3,32.4,70.0,109.0,-39.0,40.0,112.8,-72.8,30.0,-3.9,33.9
Phoenix Suns,"Okobo, Elie",42.0,64,-22.0,778.0,2324.0,-1546.0,-8.5,-10.1,1.6,99.5,104.6,-5.1,107.8,114.3,-6.5,-8.3,-9.7,1.4
Phoenix Suns,"Oubre Jr., Kelly",33.0,34,-1.0,947.0,705.0,242.0,-8.1,-10.3,2.2,107.1,102.6,4.5,114.4,112.2,2.2,-7.3,-9.7,2.4
Phoenix Suns,"Terry, Emanuel",2.0,4,-2.0,19.0,173.0,-154.0,7.4,-9.2,16.6,115.2,112.2,3.0,108.7,120.9,-12.2,6.5,-8.7,15.2
Phoenix Suns,"Warren, T.J.",43.0,64,-21.0,1360.0,1742.0,-382.0,-7.9,-11.0,3.1,106.0,101.5,4.5,113.8,112.0,1.8,-7.8,-10.6,2.8
Portland Trail Blazers,"Aminu, Al-Farouq",63.0,63,0.0,1821.0,1223.0,598.0,8.4,-3.7,12.1,116.1,102.7,13.4,107.9,106.8,1.1,8.2,-4.0,12.2
Portland Trail Blazers,"Baldwin IV, Wade",16.0,52,-36.0,94.0,2422.0,-2328.0,-33.8,4.5,-38.3,81.3,113.0,-31.7,118.5,108.5,10.0,-37.2,4.4,-41.6
Portland Trail Blazers,"Collins, Zach",61.0,63,-2.0,1077.0,1967.0,-890.0,-1.2,6.2,-7.4,105.1,114.1,-9.0,105.7,108.0,-2.3,-0.7,6.1,-6.8
Portland Trail Blazers,"Curry, Seth",57.0,63,-6.0,983.0,2061.0,-1078.0,5.9,2.5,3.4,107.5,112.6,-5.1,101.5,110.3,-8.8,6.0,2.3,3.7
Portland Trail Blazers,"Harkless, Maurice",43.0,63,-20.0,954.0,2090.0,-1136.0,5.4,2.7,2.7,112.0,111.0,1.0,107.0,108.4,-1.4,5.0,2.6,2.4
Portland Trail Blazers,"Hood, Rodney",10.0,11,-1.0,217.0,311.0,-94.0,-0.4,10.5,-10.9,106.0,119.8,-13.8,106.7,109.1,-2.4,-0.7,10.7,-11.4
Portland Trail Blazers,"Kanter, Enes",5.0,6,-1.0,96.0,192.0,-96.0,-17.0,22.3,-39.3,95.5,123.5,-28.0,111.5,101.9,9.6,-16.0,21.6,-37.6
Portland Trail Blazers,"Labissiere, Skal",2.0,10,-8.0,4.0,476.0,-472.0,-69.1,8.3,-77.4,109.1,116.9,-7.8,180.0,108.4,71.6,-70.9,8.5,-79.4
Portland Trail Blazers,"Layman, Jake",52.0,63,-11.0,964.0,2080.0,-1116.0,3.2,3.8,-0.6,108.8,112.1,-3.3,106.4,108.8,-2.4,2.3,3.3,-1.0
Portland Trail Blazers,"Leonard, Meyers",53.0,63,-10.0,772.0,2272.0,-1500.0,-3.8,6.1,-9.9,105.1,113.1,-8.0,108.8,107.2,1.6,-3.7,5.9,-9.6
Portland Trail Blazers,"Lillard, Damian",62.0,63,-1.0,2190.0,854.0,1336.0,7.3,-6.1,13.4,115.0,100.6,14.4,108.0,107.6,0.4,7.0,-7.0,14.0
Portland Trail Blazers,"McCollum, CJ",62.0,63,-1.0,2115.0,929.0,1186.0,6.6,-3.3,9.9,114.4,101.6,12.8,108.4,105.2,3.2,6.0,-3.6,9.6
Portland Trail Blazers,"Nurkic, Jusuf",62.0,63,-1.0,1687.0,1357.0,330.0,9.9,-4.2,14.1,115.4,104.5,10.9,105.6,108.8,-3.2,9.8,-4.3,14.1
Portland Trail Blazers,"Simons, Anfernee",12.0,63,-51.0,60.0,2984.0,-2924.0,-24.2,4.1,-28.3,86.8,113.1,-26.3,112.1,109.0,3.1,-25.4,4.1,-29.5
Portland Trail Blazers,"Stauskas, Nik",44.0,52,-8.0,673.0,1843.0,-1170.0,-11.7,8.5,-20.2,99.3,114.3,-15.0,112.3,106.2,6.1,-13.0,8.1,-21.1
Portland Trail Blazers,"Swanigan, Caleb",18.0,53,-35.0,145.0,2419.0,-2274.0,-19.9,4.2,-24.1,85.3,113.3,-28.0,105.8,109.0,-3.2,-20.5,4.3,-24.8
Portland Trail Blazers,"Trent Jr., Gary",9.0,63,-54.0,38.0,3006.0,-2968.0,-27.6,4.0,-31.6,81.4,113.0,-31.6,112.2,109.1,3.1,-30.8,4.0,-34.8
Portland Trail Blazers,"Turner, Evan",57.0,63,-6.0,1329.0,1715.0,-386.0,0.8,5.8,-5.0,108.5,112.2,-3.7,107.7,106.8,0.9,0.7,5.4,-4.7
Sacramento Kings,"Bagley III, Marvin",47.0,62,-15.0,1165.0,1821.0,-656.0,-2.4,-0.7,-1.7,106.2,108.3,-2.1,108.6,108.2,0.4,-2.4,0.1,-2.5
Sacramento Kings,"Barnes, Harrison",8.0,8,0.0,288.0,101.0,187.0,-0.2,1.9,-2.1,104.7,108.4,-3.7,104.7,106.6,-1.9,0.0,1.8,-1.8
Sacramento Kings,"Bjelica, Nemanja",58.0,62,-4.0,1329.0,1657.0,-328.0,2.2,-4.2,6.4,109.5,104.8,4.7,107.0,109.1,-2.1,2.5,-4.3,6.8
Sacramento Kings,"Bogdanovic, Bogdan",50.0,62,-12.0,1421.0,1565.0,-144.0,-0.2,-2.4,2.2,107.4,106.8,0.6,107.6,108.5,-0.9,-0.2,-1.7,1.5
Sacramento Kings,"Brewer, Corey",4.0,8,-4.0,68.0,321.0,-253.0,7.0,-1.0,8.0,114.5,104.4,10.1,109.3,105.5,3.8,5.1,-1.1,6.2
Sacramento Kings,"Burks, Alec",7.0,8,-1.0,85.0,304.0,-219.0,4.5,-0.8,5.3,103.6,106.7,-3.1,100.0,107.4,-7.4,3.6,-0.7,4.3
Sacramento Kings,"Cauley-Stein, Willie",62.0,62,0.0,1735.0,1251.0,484.0,1.2,-4.9,6.1,109.4,103.5,5.9,107.6,107.6,0.0,1.7,-4.2,5.9
Sacramento Kings,"Ferrell, Yogi",52.0,62,-10.0,775.0,2211.0,-1436.0,-3.5,-0.6,-2.9,104.1,108.4,-4.3,107.8,109.0,-1.2,-3.6,-0.6,-3.0
Sacramento Kings,"Fox, De'Aaron",61.0,62,-1.0,1925.0,1061.0,864.0,1.2,-6.0,7.2,108.6,103.5,5.1,107.4,109.6,-2.2,1.2,-6.0,7.2
Sacramento Kings,"Giles III, Harry",49.0,62,-13.0,650.0,2336.0,-1686.0,-10.0,1.1,-11.1,99.4,109.9,-10.5,107.8,108.7,-0.9,-8.4,1.2,-9.6
Sacramento Kings,"Hield, Buddy",62.0,62,0.0,1973.0,1013.0,960.0,-0.5,-3.1,2.6,107.7,104.3,3.4,108.3,107.9,0.4,-0.6,-3.7,3.1
Sacramento Kings,"Jackson, Justin",52.0,54,-2.0,1083.0,1514.0,-431.0,-2.8,-0.7,-2.1,104.9,108.8,-3.9,107.5,109.5,-2.0,-2.6,-0.6,-2.0
Sacramento Kings,"Koufos, Kosta",32.0,62,-30.0,381.0,2605.0,-2224.0,-2.5,-1.2,-1.3,104.0,108.5,-4.5,105.3,109.5,-4.2,-1.4,-0.9,-0.5
Sacramento Kings,"Labissiere, Skal",13.0,54,-41.0,113.0,2484.0,-2371.0,-2.5,-1.6,-0.9,109.7,108.7,1.0,112.8,110.1,2.7,-3.1,-1.4,-1.7
Sacramento Kings,"Mason, Frank",34.0,62,-28.0,396.0,2590.0,-2194.0,-14.7,0.7,-15.4,98.1,109.5,-11.4,112.4,108.8,3.6,-14.3,0.7,-15.0
Sacramento Kings,"McLemore, Ben",19.0,54,-35.0,158.0,2439.0,-2281.0,-5.2,-1.4,-3.8,105.2,108.8,-3.6,108.7,110.2,-1.5,-3.5,-1.4,-2.1
Sacramento Kings,"Shumpert, Iman",42.0,54,-12.0,1099.0,1498.0,-399.0,-1.9,-1.4,-0.5,109.9,106.2,3.7,110.9,107.1,3.8,-1.1,-0.9,-0.2
Sacramento Kings,"Williams, Troy",18.0,59,-41.0,286.0,2556.0,-2270.0,-7.4,-0.5,-6.9,100.6,108.7,-8.1,107.5,109.2,-1.7,-6.9,-0.5,-6.4
San Antonio Spurs,"Aldridge, LaMarcus",63.0,64,-1.0,2058.0,1034.0,1024.0,1.0,0.5,0.5,111.7,106.4,5.3,111.2,106.1,5.1,0.5,0.3,0.2
San Antonio Spurs,"Belinelli, Marco",62.0,64,-2.0,1422.0,1670.0,-248.0,-0.4,1.9,-2.3,111.0,108.4,2.6,111.9,106.3,5.6,-0.9,2.1,-3.0
San Antonio Spurs,"Bertans, Davis",58.0,64,-6.0,1247.0,1845.0,-598.0,6.4,-2.9,9.3,114.4,106.8,7.6,107.9,109.8,-1.9,6.4,-3.0,9.4
San Antonio Spurs,"Cunningham, Dante",57.0,64,-7.0,871.0,2221.0,-1350.0,-9.1,4.7,-13.8,102.0,113.6,-11.6,111.1,109.3,1.8,-9.0,4.3,-13.3
San Antonio Spurs,"DeRozan, DeMar",59.0,64,-5.0,2077.0,1015.0,1062.0,-0.9,4.3,-5.2,109.8,111.1,-1.3,110.8,107.4,3.4,-1.0,3.7,-4.7
San Antonio Spurs,"Eubanks, Drew",16.0,64,-48.0,76.0,3016.0,-2940.0,3.2,0.8,2.4,102.5,112.2,-9.7,98.8,111.6,-12.8,3.7,0.6,3.1
San Antonio Spurs,"Forbes, Bryn",64.0,64,0.0,1804.0,1288.0,516.0,-2.2,5.0,-7.2,107.1,111.7,-4.6,109.6,107.4,2.2,-2.5,4.3,-6.8
San Antonio Spurs,"Gasol, Pau",27.0,63,-36.0,330.0,2714.0,-2384.0,-2.2,1.0,-3.2,104.7,112.2,-7.5,108.3,111.2,-2.9,-3.6,1.0,-4.6
San Antonio Spurs,"Gay, Rudy",53.0,64,-11.0,1428.0,1664.0,-236.0,4.0,-1.9,5.9,110.4,109.6,0.8,106.5,111.4,-4.9,3.9,-1.8,5.7
San Antonio Spurs,"Metu, Chimezie",28.0,64,-36.0,140.0,2952.0,-2812.0,-2.1,1.0,-3.1,97.4,112.4,-15.0,100.6,111.7,-11.1,-3.2,0.7,-3.9
San Antonio Spurs,"Mills, Patty",64.0,64,0.0,1521.0,1571.0,-50.0,3.8,-2.0,5.8,113.0,104.8,8.2,110.1,107.2,2.9,2.9,-2.4,5.3
San Antonio Spurs,"Poeltl, Jakob",60.0,64,-4.0,923.0,2169.0,-1246.0,2.4,0.1,2.3,108.7,110.9,-2.2,106.4,110.8,-4.4,2.3,0.1,2.2
San Antonio Spurs,"Pondexter, Quincy",46.0,64,-18.0,262.0,2830.0,-2568.0,0.7,0.8,-0.1,100.0,112.5,-12.5,98.9,111.9,-13.0,1.1,0.6,0.5
San Antonio Spurs,"Walker IV, Lonnie",7.0,64,-57.0,59.0,3033.0,-2974.0,-30.1,1.4,-31.5,83.2,112.5,-29.3,115.9,111.2,4.7,-32.7,1.3,-34.0
San Antonio Spurs,"White, Derrick",49.0,64,-15.0,1242.0,1850.0,-608.0,4.5,-1.7,6.2,110.2,109.7,0.5,105.8,112.0,-6.2,4.4,-2.2,6.6
Oklahoma City Thunder,"Abrines, Alex",31.0,54,-23.0,588.0,2019.0,-1431.0,2.4,6.3,-3.9,100.5,111.2,-10.7,99.1,105.1,-6.0,1.3,6.1,-4.8
Oklahoma City Thunder,"Adams, Steven",60.0,62,-2.0,2028.0,973.0,1055.0,8.3,-4.0,12.3,112.8,98.9,13.9,104.8,103.0,1.8,7.9,-4.1,12.0
Oklahoma City Thunder,"Burton, Deonte",23.0,62,-39.0,200.0,2801.0,-2601.0,9.1,4.0,5.1,99.5,110.4,-10.9,92.1,106.4,-14.3,7.4,4.0,3.4
Oklahoma City Thunder,"Davis, Tyler",1.0,33,-32.0,1.0,1583.0,-1582.0,0.0,6.1,-6.1,0.0,108.0,-108.0,0.0,102.3,-102.3,0.0,5.8,-5.8
Oklahoma City Thunder,"Diallo, Hamidou",46.0,62,-16.0,517.0,2484.0,-1967.0,-5.5,6.4,-11.9,103.8,110.2,-6.4,109.0,104.2,4.8,-5.2,6.0,-11.2
Oklahoma City Thunder,"Felton, Raymond",21.0,62,-41.0,257.0,2744.0,-2487.0,4.7,4.3,0.4,98.8,110.5,-11.7,95.3,106.4,-11.1,3.4,4.1,-0.7
Oklahoma City Thunder,"Ferguson, Terrance",54.0,62,-8.0,1351.0,1650.0,-299.0,5.4,3.4,2.0,111.1,106.7,4.4,105.4,102.6,2.8,5.6,4.1,1.5
Oklahoma City Thunder,"George, Paul",59.0,62,-3.0,2162.0,839.0,1323.0,10.1,-10.6,20.7,112.1,98.5,13.6,102.4,109.0,-6.6,9.7,-10.5,20.2
Oklahoma City Thunder,"Grant, Jerami",60.0,62,-2.0,1944.0,1057.0,887.0,7.4,-1.4,8.8,111.1,103.2,7.9,103.9,104.9,-1.0,7.2,-1.6,8.8
Oklahoma City Thunder,"Grantham, Donte",1.0,29,-28.0,2.0,1415.0,-1413.0,30.6,2.3,28.3,100.0,112.4,-12.4,75.0,109.7,-34.7,25.0,2.7,22.3
Oklahoma City Thunder,"Luwawu-Cabarrot, Timothe",21.0,50,-29.0,123.0,2292.0,-2169.0,-17.6,6.2,-23.8,82.3,110.7,-28.4,100.7,104.6,-3.9,-18.5,6.1,-24.6
Oklahoma City Thunder,"Morris, Markieff",5.0,5,0.0,93.0,157.0,-64.0,5.7,-12.2,17.9,111.4,102.3,9.1,105.4,112.7,-7.3,6.0,-10.5,16.5
Oklahoma City Thunder,"Nader, Abdel",43.0,62,-19.0,453.0,2548.0,-2095.0,-12.4,7.3,-19.7,96.7,111.5,-14.8,106.5,104.5,2.0,-9.8,7.0,-16.8
Oklahoma City Thunder,"Noel, Nerlens",58.0,62,-4.0,832.0,2169.0,-1337.0,-4.0,7.5,-11.5,97.5,112.6,-15.1,101.1,105.4,-4.3,-3.6,7.2,-10.8
Oklahoma City Thunder,"Patterson, Patrick",58.0,62,-4.0,844.0,2157.0,-1313.0,-5.2,8.1,-13.3,100.7,111.8,-11.1,105.7,104.0,1.7,-5.0,7.8,-12.8
Oklahoma City Thunder,"Schroder, Dennis",59.0,62,-3.0,1682.0,1319.0,363.0,3.1,5.9,-2.8,108.3,107.4,0.9,105.1,101.7,3.4,3.2,5.8,-2.6
Oklahoma City Thunder,"Westbrook, Russell",54.0,62,-8.0,1929.0,1072.0,857.0,6.5,0.4,6.1,112.5,101.0,11.5,106.3,100.5,5.8,6.2,0.5,5.7
Toronto Raptors,"Anunoby, OG",52.0,63,-11.0,1050.0,1999.0,-949.0,-0.9,8.8,-9.7,103.8,114.4,-10.6,105.0,106.3,-1.3,-1.1,8.2,-9.3
Toronto Raptors,"Boucher, Chris",19.0,63,-44.0,100.0,2949.0,-2849.0,-10.0,6.0,-16.0,100.0,112.7,-12.7,110.7,107.1,3.6,-10.7,5.6,-16.3
Toronto Raptors,"Brown, Lorenzo",26.0,42,-16.0,212.0,1819.0,-1607.0,-7.7,6.8,-14.5,92.1,113.8,-21.7,99.4,107.6,-8.2,-7.3,6.2,-13.5
Toronto Raptors,"Gasol, Marc",7.0,7,0.0,156.0,180.0,-24.0,10.4,-1.3,11.7,115.5,106.1,9.4,106.2,107.1,-0.9,9.3,-1.0,10.3
Toronto Raptors,"Green, Danny",61.0,63,-2.0,1730.0,1319.0,411.0,12.7,-4.1,16.8,116.4,102.4,14.0,104.7,106.8,-2.1,11.7,-4.4,16.1
Toronto Raptors,"Ibaka, Serge",59.0,63,-4.0,1674.0,1375.0,299.0,7.4,3.1,4.3,114.5,106.0,8.5,107.0,103.2,3.8,7.5,2.8,4.7
Toronto Raptors,"Leonard, Kawhi",46.0,63,-17.0,1589.0,1460.0,129.0,6.7,4.1,2.6,114.7,106.8,7.9,108.5,103.2,5.3,6.2,3.7,2.5
Toronto Raptors,"Lin, Jeremy",5.0,5,0.0,104.0,136.0,-32.0,-5.1,11.7,-16.8,97.4,120.0,-22.6,102.2,109.7,-7.5,-4.8,10.3,-15.1
Toronto Raptors,"Lowry, Kyle",51.0,63,-12.0,1762.0,1287.0,475.0,10.8,-2.0,12.8,115.3,104.1,11.2,105.7,106.5,-0.8,9.7,-2.4,12.1
Toronto Raptors,"Loyd, Jordan",8.0,63,-55.0,36.0,3013.0,-2977.0,-5.4,5.6,-11.0,97.7,112.6,-14.9,104.7,107.4,-2.7,-7.0,5.2,-12.2
Toronto Raptors,"McCaw, Patrick",14.0,20,-6.0,162.0,808.0,-646.0,-5.9,8.1,-14.0,97.2,115.6,-18.4,103.7,107.9,-4.2,-6.5,7.8,-14.3
Toronto Raptors,"Meeks, Jodie",2.0,4,-2.0,24.0,168.0,-144.0,14.1,1.7,12.4,125.5,109.8,15.7,118.8,107.8,11.0,6.7,2.0,4.7
Toronto Raptors,"Miles, CJ",40.0,56,-16.0,562.0,2151.0,-1589.0,-8.5,9.3,-17.8,99.4,114.2,-14.8,108.5,105.5,3.0,-9.2,8.7,-17.9
Toronto Raptors,"Miller, Malcolm",1.0,6,-5.0,5.0,283.0,-278.0,0.0,4.1,-4.1,90.0,114.9,-24.9,90.0,110.6,-20.6,0.0,4.3,-4.3
Toronto Raptors,"Monroe, Greg",38.0,56,-18.0,423.0,2290.0,-1867.0,-9.3,8.3,-17.6,95.7,114.5,-18.8,104.5,106.5,-2.0,-8.8,8.0,-16.8
Toronto Raptors,"Powell, Norman",41.0,63,-22.0,758.0,2291.0,-1533.0,0.9,6.9,-6.0,106.0,112.6,-6.6,106.0,106.1,-0.1,-0.1,6.5,-6.6
Toronto Raptors,"Richardson, Malachi",22.0,55,-33.0,103.0,2562.0,-2459.0,-5.1,5.8,-10.9,90.5,112.9,-22.4,94.2,107.6,-13.4,-3.8,5.4,-9.2
Toronto Raptors,"Siakam, Pascal",62.0,63,-1.0,1963.0,1086.0,877.0,10.7,-4.0,14.7,114.5,102.5,12.0,104.5,106.8,-2.3,10.0,-4.3,14.3
Toronto Raptors,"Valanciunas, Jonas",30.0,56,-26.0,564.0,2149.0,-1585.0,6.0,5.5,0.5,106.7,112.5,-5.8,101.3,107.4,-6.1,5.4,5.1,0.3
Toronto Raptors,"VanVleet, Fred",51.0,63,-12.0,1369.0,1680.0,-311.0,6.1,4.9,1.2,110.7,110.6,0.1,105.0,106.5,-1.5,5.7,4.1,1.6
Toronto Raptors,"Wright, Delon",49.0,56,-7.0,897.0,1816.0,-919.0,-2.2,9.4,-11.6,103.4,114.5,-11.1,105.4,105.8,-0.4,-2.0,8.7,-10.7
Utah Jazz,"Allen, Grayson",29.0,62,-33.0,286.0,2700.0,-2414.0,-15.9,5.5,-21.4,97.4,109.3,-11.9,115.6,104.0,11.6,-18.2,5.3,-23.5
Utah Jazz,"Bradley, Tony",1.0,62,-61.0,9.0,2977.0,-2968.0,-55.8,3.7,-59.5,105.6,108.8,-3.2,152.6,105.4,47.2,-47.1,3.4,-50.5
Utah Jazz,"Burks, Alec",17.0,22,-5.0,269.0,787.0,-518.0,-4.5,-2.2,-2.3,103.8,102.0,1.8,108.1,104.5,3.6,-4.3,-2.5,-1.8
Utah Jazz,"Cavanaugh, Tyler",8.0,62,-54.0,19.0,2967.0,-2948.0,-54.3,3.8,-58.1,70.0,109.0,-39.0,125.6,105.4,20.2,-55.6,3.6,-59.2
Utah Jazz,"Crowder, Jae",61.0,62,-1.0,1688.0,1298.0,390.0,4.2,2.6,1.6,108.1,103.5,4.6,104.4,101.5,2.9,3.7,2.0,1.7
Utah Jazz,"Exum, Dante",39.0,62,-23.0,637.0,2349.0,-1712.0,3.7,3.4,0.3,103.4,108.5,-5.1,100.3,105.2,-4.9,3.1,3.3,-0.2
Utah Jazz,"Favors, Derrick",61.0,62,-1.0,1432.0,1554.0,-122.0,2.9,4.0,-1.1,102.9,108.4,-5.5,100.5,104.7,-4.2,2.4,3.7,-1.3
Utah Jazz,"Gobert, Rudy",62.0,62,0.0,1960.0,1026.0,934.0,5.3,0.1,5.2,108.6,102.6,6.0,103.5,103.5,0.0,5.1,-0.9,6.0
Utah Jazz,"Ingles, Joe",62.0,62,0.0,1957.0,1029.0,928.0,7.2,-3.5,10.7,107.5,102.4,5.1,100.4,106.7,-6.3,7.1,-4.3,11.4
Utah Jazz,"Korver, Kyle",40.0,40,0.0,798.0,1132.0,-334.0,7.3,6.6,0.7,107.4,108.7,-1.3,101.4,102.4,-1.0,6.0,6.3,-0.3
Utah Jazz,"Mitchell, Donovan",58.0,62,-4.0,1954.0,1032.0,922.0,4.6,1.4,3.2,108.0,104.2,3.8,103.5,103.1,0.4,4.5,1.1,3.4
Utah Jazz,"Mitrou-Long, Naz",10.0,62,-52.0,39.0,2947.0,-2908.0,-36.8,4.0,-40.8,91.5,109.0,-17.5,128.0,105.2,22.8,-36.6,3.8,-40.4
Utah Jazz,"Neto, Raul",25.0,62,-37.0,300.0,2686.0,-2386.0,16.5,2.0,14.5,113.3,107.5,5.8,97.7,105.6,-7.9,15.6,1.9,13.7
Utah Jazz,"Niang, Georges",42.0,62,-20.0,312.0,2674.0,-2362.0,-13.6,5.5,-19.1,97.2,109.3,-12.1,111.0,103.9,7.1,-13.8,5.4,-19.2
Utah Jazz,"O'Neale, Royce",62.0,62,0.0,1184.0,1802.0,-618.0,1.3,4.9,-3.6,102.7,108.4,-5.7,101.8,103.7,-1.9,0.9,4.7,-3.8
Utah Jazz,"Rubio, Ricky",54.0,62,-8.0,1559.0,1427.0,132.0,3.0,4.0,-1.0,107.8,105.5,2.3,104.8,102.4,2.4,3.0,3.1,-0.1
Utah Jazz,"Sefolosha, Thabo",32.0,62,-30.0,336.0,2650.0,-2314.0,9.4,2.7,6.7,107.0,108.2,-1.2,98.2,105.8,-7.6,8.8,2.4,6.4
Utah Jazz,"Udoh, Ekpe",35.0,62,-27.0,192.0,2794.0,-2602.0,-11.5,4.5,-16.0,100.7,109.0,-8.3,112.4,104.6,7.8,-11.7,4.5,-16.2
Memphis Grizzlies,"Anderson, Kyle",43.0,64,-21.0,1282.0,1815.0,-533.0,-2.2,-2.8,0.6,101.8,103.1,-1.3,103.7,105.4,-1.7,-1.9,-2.3,0.4
Memphis Grizzlies,"Bradley, Avery",8.0,8,0.0,246.0,138.0,108.0,-4.9,15.0,-19.9,107.9,100.3,7.6,111.9,85.6,26.3,-4.0,14.7,-18.7
Memphis Grizzlies,"Brooks, Dillon",18.0,64,-46.0,330.0,2767.0,-2437.0,-2.3,-2.6,0.3,103.7,103.5,0.2,106.1,106.0,0.1,-2.4,-2.5,0.1
Memphis Grizzlies,"Brooks, MarShon",29.0,37,-8.0,387.0,1409.0,-1022.0,-2.9,-0.1,-2.8,100.5,104.7,-4.2,103.0,104.6,-1.6,-2.5,0.1,-2.6
Memphis Grizzlies,"Caboclo, Bruno",16.0,16,0.0,342.0,431.0,-89.0,5.8,-4.9,10.7,107.7,99.0,8.7,100.4,102.7,-2.3,7.3,-3.7,11.0
Memphis Grizzlies,"Carter, Jevon",27.0,64,-37.0,395.0,2702.0,-2307.0,-10.0,-1.5,-8.5,95.7,104.7,-9.0,104.7,105.8,-1.1,-8.9,-1.2,-7.7
Memphis Grizzlies,"Casspi, Omri",36.0,56,-20.0,520.0,2193.0,-1673.0,1.8,-4.4,6.2,103.9,102.4,1.5,102.3,106.5,-4.2,1.6,-4.1,5.7
Memphis Grizzlies,"Conley, Mike",61.0,64,-3.0,2032.0,1065.0,967.0,0.2,-7.9,8.1,104.3,96.8,7.5,104.0,103.9,0.1,0.3,-7.1,7.4
Memphis Grizzlies,"Dorsey, Tyler",4.0,8,-4.0,32.0,352.0,-320.0,22.6,0.4,22.2,105.6,106.5,-0.9,85.7,106.3,-20.6,19.9,0.3,19.6
Memphis Grizzlies,"Gasol, Marc",53.0,55,-2.0,1788.0,877.0,911.0,-1.3,-6.2,4.9,104.3,98.3,6.0,105.0,103.4,1.6,-0.7,-5.1,4.4
Memphis Grizzlies,"Green, JaMychal",41.0,55,-14.0,900.0,1765.0,-865.0,-10.8,1.1,-11.9,98.8,104.2,-5.4,107.5,102.4,5.1,-8.8,1.7,-10.5
Memphis Grizzlies,"Harrison, Andrew",1.0,6,-5.0,5.0,283.0,-278.0,-42.5,4.4,-46.9,66.7,105.5,-38.8,111.1,101.2,9.9,-44.4,4.3,-48.7
Memphis Grizzlies,"Holiday, Justin",26.0,27,-1.0,720.0,581.0,139.0,-4.6,-5.8,1.2,101.5,100.7,0.8,105.1,106.9,-1.8,-3.6,-6.1,2.5
Memphis Grizzlies,"Jackson Jr., Jaren",58.0,64,-6.0,1515.0,1582.0,-67.0,-3.3,-1.9,-1.4,100.5,103.7,-3.2,102.4,104.6,-2.2,-1.9,-0.9,-1.0
Memphis Grizzlies,"Mack, Shelvin",53.0,55,-2.0,1204.0,1461.0,-257.0,-8.1,1.4,-9.5,98.9,103.4,-4.5,106.5,101.6,4.9,-7.6,1.8,-9.4
Memphis Grizzlies,"Miles, CJ",7.0,8,-1.0,152.0,232.0,-80.0,13.6,-5.2,18.8,106.9,103.9,3.0,95.1,108.0,-12.9,11.8,-4.1,15.9
Memphis Grizzlies,"Noah, Joakim",34.0,42,-8.0,530.0,1491.0,-961.0,0.7,-6.5,7.2,99.3,102.2,-2.9,97.4,108.6,-11.2,1.9,-6.4,8.3
Memphis Grizzlies,"Parsons, Chandler",8.0,64,-56.0,136.0,2961.0,-2825.0,5.6,-3.0,8.6,98.6,104.2,-5.6,93.1,106.9,-13.8,5.5,-2.8,8.3
Memphis Grizzlies,"Rabb, Ivan",33.0,64,-31.0,401.0,2696.0,-2295.0,-1.9,-2.7,0.8,102.2,103.7,-1.5,103.6,106.0,-2.4,-1.4,-2.3,0.9
Memphis Grizzlies,"Selden, Wayne",32.0,37,-5.0,455.0,1341.0,-886.0,-6.3,1.2,-7.5,99.8,104.7,-4.9,105.8,103.2,2.6,-6.0,1.5,-7.5
Memphis Grizzlies,"Stephens, DJ",1.0,35,-34.0,7.0,1693.0,-1686.0,-21.4,-0.1,-21.3,70.6,105.3,-34.7,93.8,105.1,-11.3,-23.2,0.2,-23.4
Memphis Grizzlies,"Temple, Garrett",49.0,55,-6.0,1530.0,1135.0,395.0,-3.1,-2.7,-0.4,102.6,101.5,1.1,105.7,103.4,2.3,-3.2,-1.9,-1.3
Memphis Grizzlies,"Valanciunas, Jonas",6.0,8,-2.0,153.0,231.0,-78.0,3.1,1.7,1.4,109.9,101.4,8.5,106.6,99.2,7.4,3.3,2.3,1.0
Memphis Grizzlies,"Washburn, Julian",7.0,21,-14.0,110.0,903.0,-793.0,4.8,-4.8,9.6,106.3,103.1,3.2,99.6,107.6,-8.0,6.7,-4.5,11.2
Memphis Grizzlies,"Watanabe, Yuta",10.0,64,-54.0,98.0,2999.0,-2901.0,-1.0,-2.6,1.6,101.4,104.1,-2.7,101.0,106.5,-5.5,0.5,-2.3,2.8
Memphis Grizzlies,"Wright, Delon",8.0,8,0.0,215.0,169.0,46.0,3.1,1.1,2.0,102.2,107.9,-5.7,99.8,106.8,-7.0,2.4,1.1,1.3
Washington Wizards,"Ariza, Trevor",32.0,32,0.0,1170.0,391.0,779.0,-2.0,-2.6,0.6,111.3,100.0,11.3,113.5,103.0,10.5,-2.2,-3.0,0.8
Washington Wizards,"Baker, Ron",4.0,8,-4.0,45.0,354.0,-309.0,-20.1,2.4,-22.5,75.0,111.9,-36.9,94.0,109.4,-15.4,-19.0,2.5,-21.5
Washington Wizards,"Beal, Bradley",62.0,62,0.0,2319.0,697.0,1622.0,-2.6,-4.5,1.9,110.2,100.3,9.9,112.9,104.8,8.1,-2.7,-4.5,1.8
Washington Wizards,"Brown Jr., Troy",32.0,62,-30.0,239.0,2777.0,-2538.0,9.1,-4.1,13.2,108.9,108.7,0.2,102.0,112.8,-10.8,6.9,-4.1,11.0
Washington Wizards,"Bryant, Thomas",52.0,62,-10.0,1000.0,2016.0,-1016.0,-4.8,-2.2,-2.6,106.9,108.7,-1.8,111.6,110.8,0.8,-4.7,-2.1,-2.6
Washington Wizards,"Dekker, Sam",27.0,37,-10.0,430.0,1376.0,-946.0,-0.7,-2.8,2.1,102.9,111.0,-8.1,104.5,114.0,-9.5,-1.6,-3.0,1.4
Washington Wizards,"Green, Jeff",60.0,62,-2.0,1671.0,1345.0,326.0,-2.0,-4.5,2.5,110.5,104.6,5.9,112.2,108.6,3.6,-1.6,-3.9,2.3
Washington Wizards,"Howard, Dwight",9.0,62,-53.0,230.0,2786.0,-2556.0,-10.5,-2.5,-8.0,104.1,109.6,-5.5,112.9,111.9,1.0,-8.8,-2.3,-6.5
Washington Wizards,"Jenkins, John",4.0,5,-1.0,14.0,226.0,-212.0,6.7,-4.9,11.6,97.0,119.3,-22.3,93.8,123.9,-30.1,3.2,-4.6,7.8
Washington Wizards,"Johnson, Wesley",8.0,8,0.0,130.0,254.0,-124.0,-0.4,-3.2,2.8,101.4,111.6,-10.2,100.7,115.0,-14.3,0.7,-3.4,4.1
Washington Wizards,"Mahinmi, Ian",31.0,62,-31.0,445.0,2571.0,-2126.0,-1.5,-3.4,1.9,101.5,109.8,-8.3,102.9,113.1,-10.2,-1.4,-3.2,1.8
Washington Wizards,"McRae, Jordan",19.0,62,-43.0,172.0,2844.0,-2672.0,-2.2,-3.1,0.9,104.4,109.3,-4.9,106.7,112.3,-5.6,-2.3,-3.0,0.7
Washington Wizards,"Morris, Markieff",34.0,54,-20.0,883.0,1749.0,-866.0,-8.7,-0.4,-8.3,106.6,109.2,-2.6,115.0,109.6,5.4,-8.4,-0.4,-8.0
Washington Wizards,"Oubre Jr., Kelly",29.0,30,-1.0,755.0,700.0,55.0,-8.3,0.4,-8.7,104.6,109.3,-4.7,112.4,108.6,3.8,-7.8,0.8,-8.6
Washington Wizards,"Parker, Jabari",8.0,8,0.0,208.0,176.0,32.0,3.9,-9.5,13.4,107.7,108.5,-0.8,104.3,117.7,-13.4,3.4,-9.3,12.7
Washington Wizards,"Payton II, Gary",3.0,6,-3.0,16.0,272.0,-256.0,33.2,0.2,33.0,117.9,109.2,8.7,85.4,108.4,-23.0,32.6,0.8,31.8
Washington Wizards,"Porter Jr., Otto",41.0,54,-13.0,1191.0,1441.0,-250.0,-1.1,-4.9,3.8,109.7,106.5,3.2,110.6,111.4,-0.8,-0.9,-4.9,4.0
Washington Wizards,"Portis, Bobby",8.0,8,0.0,219.0,165.0,54.0,0.2,-5.5,5.7,107.8,107.1,0.7,108.8,112.2,-3.4,-0.9,-5.0,4.1
Washington Wizards,"Randle, Chasson",32.0,38,-6.0,488.0,1361.0,-873.0,-3.0,-2.9,-0.1,103.2,109.9,-6.7,105.7,112.9,-7.2,-2.5,-3.0,0.5
Washington Wizards,"Rivers, Austin",29.0,30,-1.0,683.0,772.0,-89.0,-1.8,-6.1,4.3,108.5,105.2,3.3,110.4,110.8,-0.4,-1.9,-5.5,3.6
Washington Wizards,"Robinson, Devin",4.0,62,-58.0,32.0,2984.0,-2952.0,7.5,-3.2,10.7,121.4,109.1,12.3,109.6,112.2,-2.6,11.8,-3.1,14.9
Washington Wizards,"Satoransky, Tomas",60.0,62,-2.0,1500.0,1516.0,-16.0,-2.0,-4.1,2.1,108.1,107.4,0.7,109.5,111.1,-1.6,-1.4,-3.7,2.3
Washington Wizards,"Smith, Jason",12.0,25,-13.0,130.0,1080.0,-950.0,-5.2,-4.1,-1.1,99.7,108.2,-8.5,104.2,112.0,-7.8,-4.5,-3.8,-0.7
Washington Wizards,"Wall, John",32.0,62,-30.0,1104.0,1912.0,-808.0,-6.6,-1.1,-5.5,106.7,109.7,-3.0,112.7,110.4,2.3,-6.0,-0.7,-5.3
Washington Wizards,"White, Okaro",3.0,15,-12.0,6.0,724.0,-718.0,-22.9,-3.9,-19.0,66.7,110.0,-43.3,92.9,113.7,-20.8,-26.2,-3.7,-22.5
Detroit Pistons,"Brown, Bruce",54.0,61,-7.0,1092.0,1866.0,-774.0,-0.3,-0.6,0.3,105.5,106.0,-0.5,105.7,107.1,-1.4,-0.2,-1.1,0.9
Detroit Pistons,"Bullock, Reggie",44.0,53,-9.0,1355.0,1219.0,136.0,0.4,-4.5,4.9,109.2,99.3,9.9,108.9,104.0,4.9,0.3,-4.8,5.1
Detroit Pistons,"Calderon, Jose",46.0,61,-15.0,621.0,2337.0,-1716.0,-11.4,2.4,-13.8,94.0,109.7,-15.7,105.7,107.5,-1.8,-11.7,2.2,-13.9
Detroit Pistons,"Drummond, Andre",58.0,61,-3.0,1919.0,1039.0,880.0,1.6,-4.4,6.0,109.9,99.4,10.5,108.0,103.6,4.4,1.8,-4.3,6.1
Detroit Pistons,"Ellenson, Henry",2.0,54,-52.0,25.0,2597.0,-2572.0,-15.5,-1.4,-14.1,106.1,106.1,0.0,113.2,107.7,5.5,-7.1,-1.6,-5.5
Detroit Pistons,"Ellington, Wayne",7.0,7,0.0,184.0,152.0,32.0,14.6,-0.3,14.9,122.3,110.8,11.5,107.5,110.1,-2.6,14.8,0.8,14.0
Detroit Pistons,"Galloway, Langston",59.0,61,-2.0,1233.0,1725.0,-492.0,0.9,-1.5,2.4,105.9,105.2,0.7,105.9,107.1,-1.2,0.0,-1.9,1.9
Detroit Pistons,"Griffin, Blake",59.0,61,-2.0,2112.0,846.0,1266.0,1.3,-5.0,6.3,109.3,97.8,11.5,108.3,102.9,5.4,1.0,-5.1,6.1
Detroit Pistons,"Jackson, Reggie",61.0,61,0.0,1763.0,1195.0,568.0,0.4,-1.8,2.2,108.7,100.7,8.0,108.6,102.8,5.8,0.0,-2.2,2.2
Detroit Pistons,"Johnson, Stanley",48.0,53,-5.0,961.0,1613.0,-652.0,-6.0,0.5,-6.5,96.0,109.1,-13.1,102.4,108.4,-6.0,-6.4,0.7,-7.1
Detroit Pistons,"Kennard, Luke",43.0,61,-18.0,921.0,2037.0,-1116.0,-0.9,-0.3,-0.6,104.7,107.0,-2.3,106.4,107.3,-0.9,-1.7,-0.4,-1.3
Detroit Pistons,"Leuer, Jon",34.0,61,-27.0,356.0,2602.0,-2246.0,-11.7,1.0,-12.7,94.2,108.7,-14.5,105.1,107.7,-2.6,-10.8,1.0,-11.8
Detroit Pistons,"Lofton, Zach",1.0,42,-41.0,4.0,2037.0,-2033.0,0.0,-2.8,2.8,100.0,105.6,-5.6,100.0,108.4,-8.4,0.0,-2.8,2.8
Detroit Pistons,"Lucas, Kalin",1.0,19,-18.0,6.0,911.0,-905.0,-25.8,4.8,-30.6,42.9,112.5,-69.6,75.0,107.8,-32.8,-32.1,4.7,-36.8
Detroit Pistons,"Maker, Thon",8.0,8,0.0,122.0,262.0,-140.0,-3.2,14.6,-17.8,103.9,123.1,-19.2,107.5,108.5,-1.0,-3.6,14.6,-18.2
Detroit Pistons,"Mykhailiuk, Svi",2.0,8,-6.0,14.0,370.0,-356.0,-34.3,10.6,-44.9,92.9,119.9,-27.0,124.1,109.0,15.1,-31.3,10.9,-42.2
Detroit Pistons,"Pachulia, Zaza",51.0,61,-10.0,715.0,2243.0,-1528.0,-1.9,0.0,-1.9,100.5,108.3,-7.8,102.0,108.2,-6.2,-1.5,0.1,-1.6
Detroit Pistons,"Robinson III, Glenn",34.0,61,-27.0,454.0,2504.0,-2050.0,-3.3,0.0,-3.3,98.1,108.5,-10.4,101.0,108.6,-7.6,-2.9,-0.1,-2.8
Detroit Pistons,"Smith, Ish",35.0,61,-26.0,772.0,2186.0,-1414.0,5.7,-2.7,8.4,109.0,105.4,3.6,103.6,108.4,-4.8,5.3,-2.9,8.2
Detroit Pistons,"Thomas, Khyri",19.0,61,-42.0,163.0,2795.0,-2632.0,-1.2,-0.5,-0.7,98.8,107.7,-8.9,100.3,108.3,-8.0,-1.4,-0.6,-0.8
Charlotte Hornets,"Bacon, Dwayne",25.0,63,-38.0,265.0,2784.0,-2519.0,1.4,-0.7,2.1,105.3,110.4,-5.1,105.3,111.3,-6.0,-0.1,-0.9,0.8
Charlotte Hornets,"Batum, Nicolas",63.0,63,0.0,2013.0,1036.0,977.0,0.4,-2.4,2.8,109.7,105.6,4.1,109.9,109.0,0.9,-0.2,-3.5,3.3
Charlotte Hornets,"Biyombo, Bismack",37.0,63,-26.0,533.0,2516.0,-1983.0,-4.9,0.4,-5.3,102.7,110.8,-8.1,108.0,110.7,-2.7,-5.3,0.1,-5.4
Charlotte Hornets,"Bridges, Miles",61.0,63,-2.0,1167.0,1882.0,-715.0,-3.4,1.2,-4.6,103.8,110.6,-6.8,108.3,110.1,-1.8,-4.5,0.6,-5.1
Charlotte Hornets,"Chealey, Joe",1.0,63,-62.0,8.0,3041.0,-3033.0,-18.6,-0.5,-18.1,87.5,110.5,-23.0,113.3,111.1,2.2,-25.8,-0.7,-25.1
Charlotte Hornets,"Graham, Devonte'",31.0,63,-32.0,403.0,2646.0,-2243.0,-11.2,1.1,-12.3,99.9,111.3,-11.4,112.2,110.4,1.8,-12.3,0.9,-13.2
Charlotte Hornets,"Hernangomez, Willy",45.0,63,-18.0,617.0,2432.0,-1815.0,-5.9,0.8,-6.7,105.3,110.1,-4.8,112.2,109.5,2.7,-6.9,0.6,-7.5
Charlotte Hornets,"Kaminsky, Frank",28.0,63,-35.0,333.0,2716.0,-2383.0,-2.5,-0.3,-2.2,103.3,110.4,-7.1,108.4,111.0,-2.6,-5.1,-0.6,-4.5
Charlotte Hornets,"Kidd-Gilchrist, Michael",54.0,63,-9.0,1049.0,2000.0,-951.0,-2.9,0.7,-3.6,104.9,109.5,-4.6,107.8,109.6,-1.8,-2.9,-0.1,-2.8
Charlotte Hornets,"Lamb, Jeremy",60.0,63,-3.0,1718.0,1331.0,387.0,1.5,-3.1,4.6,109.8,105.7,4.1,108.8,110.3,-1.5,1.0,-4.6,5.6
Charlotte Hornets,"Mack, Shelvin",2.0,8,-6.0,24.0,360.0,-336.0,-54.5,-3.2,-51.3,60.0,111.4,-51.4,118.8,115.0,3.8,-58.8,-3.6,-55.2
Charlotte Hornets,"Macura, J.P.",1.0,63,-62.0,14.0,3035.0,-3021.0,-24.3,-0.4,-23.9,67.7,110.6,-42.9,90.3,111.2,-20.9,-22.6,-0.6,-22.0
Charlotte Hornets,"Monk, Malik",58.0,63,-5.0,1028.0,2021.0,-993.0,-2.4,0.5,-2.9,106.4,109.2,-2.8,110.7,109.5,1.2,-4.3,-0.3,-4.0
Charlotte Hornets,"Parker, Tony",52.0,63,-11.0,937.0,2112.0,-1175.0,0.9,-1.1,2.0,106.4,109.2,-2.8,106.9,110.9,-4.0,-0.5,-1.7,1.2
Charlotte Hornets,"Walker, Kemba",63.0,63,0.0,2192.0,857.0,1335.0,1.7,-6.2,7.9,111.4,100.6,10.8,110.1,107.9,2.2,1.3,-7.3,8.6
Charlotte Hornets,"Williams, Marvin",62.0,63,-1.0,1775.0,1274.0,501.0,1.9,-3.9,5.8,110.9,104.2,6.7,109.3,108.4,0.9,1.6,-4.1,5.7
Charlotte Hornets,"Zeller, Cody",46.0,63,-17.0,1169.0,1880.0,-711.0,2.8,-2.6,5.4,111.6,106.8,4.8,109.4,109.7,-0.3,2.3,-2.9,5.2
